{"level":"info","message":"Server running on http://localhost:5000 [development]","timestamp":"2026-08-06 15:26:00"}
{"level":"info","message":"SIGINT received. Shutting down gracefully...","timestamp":"2026-08-06 15:26:06"}
{"level":"info","message":"Server running on http://localhost:5000 [development]","timestamp":"2026-08-06 15:26:18"}
{"level":"error","message":"GET / -> 404: Route not found: /","timestamp":"2026-08-06 15:26:58"}
{"level":"http","message":"\u001b[0mGET / \u001b[33m404\u001b[0m 8.748 ms - -\u001b[0m","timestamp":"2026-08-06 15:26:58"}
{"level":"error","message":"GET /favicon.ico -> 404: Route not found: /favicon.ico","timestamp":"2026-08-06 15:26:58"}
{"level":"http","message":"\u001b[0mGET /favicon.ico \u001b[33m404\u001b[0m 1.746 ms - -\u001b[0m","timestamp":"2026-08-06 15:26:58"}
{"level":"error","message":"GET / -> 404: Route not found: /","timestamp":"2026-08-06 15:26:59"}
{"level":"http","message":"\u001b[0mGET / \u001b[33m404\u001b[0m 1.721 ms - -\u001b[0m","timestamp":"2026-08-06 15:26:59"}
{"level":"error","message":"GET / -> 404: Route not found: /","timestamp":"2026-08-06 15:27:05"}
{"level":"http","message":"\u001b[0mGET / \u001b[33m404\u001b[0m 1.706 ms - -\u001b[0m","timestamp":"2026-08-06 15:27:05"}
{"level":"info","message":"SIGINT received. Shutting down gracefully...","timestamp":"2026-08-06 15:27:17"}
{"level":"info","message":"Server running on http://localhost:5000 [development]","timestamp":"2026-08-06 15:27:24"}
{"level":"info","message":"SIGINT received. Shutting down gracefully...","timestamp":"2026-08-06 15:32:37"}
{"level":"info","message":"Server running on http://localhost:5000 [development]","timestamp":"2026-08-06 16:12:44"}
{"level":"info","message":"Server running on http://localhost:5000 [development]","timestamp":"2026-08-06 16:13:28"}
{"level":"info","message":"Server running on http://localhost:5000 [development]","timestamp":"2026-08-06 16:13:29"}
{"level":"info","message":"Server running on http://localhost:5000 [development]","timestamp":"2026-08-06 16:13:35"}
{"level":"info","message":"Server running on http://localhost:5000 [development]","timestamp":"2026-08-06 16:13:37"}
{"level":"info","message":"Server running on http://localhost:5000 [development]","timestamp":"2026-08-06 16:21:29"}
{"level":"info","message":"Server running on http://localhost:5000 [development]","timestamp":"2026-08-06 16:21:34"}
{"level":"info","message":"Server running on http://localhost:5000 [development]","timestamp":"2026-08-06 16:21:58"}
{"level":"info","message":"Server running on http://localhost:5000 [development]","timestamp":"2026-08-06 16:22:00"}
{"level":"info","message":"Server running on http://localhost:5000 [development]","timestamp":"2026-08-06 16:32:38"}
{"level":"info","message":"Server running on http://localhost:5000 [development]","timestamp":"2026-08-06 16:33:37"}
{"level":"info","message":"Server running on http://localhost:5000 [development]","timestamp":"2026-08-06 16:33:39"}
{"level":"info","message":"Server running on http://localhost:5000 [development]","timestamp":"2026-08-06 16:34:34"}
{"level":"info","message":"Server running on http://localhost:5000 [development]","timestamp":"2026-08-06 16:36:01"}
{"level":"info","message":"Server running on http://localhost:5000 [development]","timestamp":"2026-08-06 16:41:36"}
{"level":"info","message":"SIGINT received. Shutting down gracefully...","timestamp":"2026-08-06 16:42:26"}
{"level":"info","message":"Server running on http://localhost:5000 [development]","timestamp":"2026-08-06 17:36:55"}
{"level":"info","message":"Server running on http://localhost:5000 [development]","timestamp":"2026-08-06 17:39:00"}
{"level":"info","message":"Server running on http://localhost:5000 [development]","timestamp":"2026-08-06 17:39:03"}
{"level":"info","message":"SIGINT received. Shutting down gracefully...","timestamp":"2026-08-06 17:53:04"}
{"level":"info","message":"Server running on http://localhost:5000 [development]","timestamp":"2026-08-06 17:53:07"}
{"level":"info","message":"SIGINT received. Shutting down gracefully...","timestamp":"2026-08-06 20:14:31"}
{"level":"info","message":"Server running on http://localhost:5000 [development]","timestamp":"2026-08-06 20:14:35"}
{"level":"info","message":"Server running on http://localhost:5000 [development]","timestamp":"2026-08-06 22:35:13"}
{"level":"info","message":"SIGINT received. Shutting down gracefully...","timestamp":"2026-08-06 22:43:17"}
{"level":"info","message":"Server running on http://localhost:5000 [development]","timestamp":"2026-08-06 22:43:25"}
{"level":"info","message":"SIGINT received. Shutting down gracefully...","timestamp":"2026-08-06 22:46:17"}
{"level":"info","message":"Server running on http://localhost:5000 [development]","timestamp":"2026-08-06 22:46:24"}
{"level":"info","message":"Server running on http://localhost:5000 [development]","timestamp":"2026-08-07 00:51:55"}
{"level":"info","message":"Server running on http://localhost:5000 [development]","timestamp":"2026-08-07 00:51:57"}
{"level":"info","message":"SIGINT received. Shutting down gracefully...","timestamp":"2026-08-07 01:06:49"}
{"level":"info","message":"Server running on http://localhost:5000 [development]","timestamp":"2026-08-07 01:06:56"}
{"level":"info","message":"Server running on http://localhost:5000 [development]","timestamp":"2026-08-07 01:07:27"}
{"level":"info","message":"Server running on http://localhost:5000 [development]","timestamp":"2026-08-07 01:07:29"}
{"level":"info","message":"SIGINT received. Shutting down gracefully...","timestamp":"2026-08-07 01:08:31"}
{"level":"info","message":"Server running on http://localhost:5000 [development]","timestamp":"2026-08-07 01:08:45"}
{"level":"info","message":"Server running on http://localhost:5000 [development]","timestamp":"2026-08-07 01:09:21"}
{"level":"info","message":"Server running on http://localhost:5000 [development]","timestamp":"2026-08-07 01:09:23"}
{"level":"info","message":"Server running on http://localhost:5000 [development]","timestamp":"2026-08-07 01:11:03"}
{"level":"info","message":"Server running on http://localhost:5000 [development]","timestamp":"2026-08-07 01:11:06"}
{"level":"info","message":"Server running on http://localhost:5000 [development]","timestamp":"2026-08-07 01:16:26"}
{"level":"info","message":"MongoDB Connected: ac-wp8elny-shard-00-00.vftguqk.mongodb.net","timestamp":"2026-08-07 01:17:13"}
{"level":"info","message":"Server running on http://localhost:5000 [development]","timestamp":"2026-08-07 01:17:13"}
{"level":"info","message":"SIGINT received. Shutting down gracefully...","timestamp":"2026-08-07 01:17:21"}
{"level":"info","message":"MongoDB Connected: ac-wp8elny-shard-00-00.vftguqk.mongodb.net","timestamp":"2026-08-07 01:17:31"}
{"level":"info","message":"Server running on http://localhost:5000 [development]","timestamp":"2026-08-07 01:17:31"}
{"level":"info","message":"SIGINT received. Shutting down gracefully...","timestamp":"2026-08-07 01:19:56"}
{"level":"info","message":"MongoDB Connected: ac-wp8elny-shard-00-00.vftguqk.mongodb.net","timestamp":"2026-08-07 01:20:02"}
{"level":"info","message":"Server running on http://localhost:5000 [development]","timestamp":"2026-08-07 01:20:02"}
{"level":"info","message":"MongoDB connected: ac-wp8elny-shard-00-02.vftguqk.mongodb.net","timestamp":"2026-08-07 01:20:31"}
{"level":"info","message":"Server running on http://localhost:5000 [development]","timestamp":"2026-08-07 01:20:31"}
{"level":"info","message":"MongoDB connected: ac-wp8elny-shard-00-00.vftguqk.mongodb.net","timestamp":"2026-08-07 01:20:45"}
{"level":"info","message":"Server running on http://localhost:5000 [development]","timestamp":"2026-08-07 01:20:45"}
{"level":"info","message":"SIGINT received. Shutting down gracefully...","timestamp":"2026-08-07 01:21:10"}
{"level":"info","message":"MongoDB connected: ac-wp8elny-shard-00-00.vftguqk.mongodb.net","timestamp":"2026-08-07 01:21:22"}
{"level":"info","message":"Server running on http://localhost:5000 [development]","timestamp":"2026-08-07 01:21:22"}
{"level":"info","message":"SIGINT received. Shutting down gracefully...","timestamp":"2026-08-07 01:21:28"}
{"level":"info","message":"MongoDB connected: ac-wp8elny-shard-00-02.vftguqk.mongodb.net","timestamp":"2026-08-07 01:21:37"}
{"level":"info","message":"Server running on http://localhost:5000 [development]","timestamp":"2026-08-07 01:21:37"}
{"level":"error","message":"POST /api/v1/auth/register -> 404: Route not found: /api/v1/auth/register","timestamp":"2026-08-07 01:32:01"}
{"level":"http","message":"\u001b[0mPOST /api/v1/auth/register \u001b[33m404\u001b[0m 4.213 ms - -\u001b[0m","timestamp":"2026-08-07 01:32:01"}
{"level":"info","message":"SIGINT received. Shutting down gracefully...","timestamp":"2026-08-07 01:32:13"}
{"level":"info","message":"MongoDB connected: ac-wp8elny-shard-00-00.vftguqk.mongodb.net","timestamp":"2026-08-07 01:32:20"}
{"level":"info","message":"Server running on http://localhost:5000 [development]","timestamp":"2026-08-07 01:32:20"}
{"level":"error","message":"POST /api/v1/auth/register -> 404: Route not found: /api/v1/auth/register","timestamp":"2026-08-07 01:32:30"}
{"level":"http","message":"\u001b[0mPOST /api/v1/auth/register \u001b[33m404\u001b[0m 2.640 ms - -\u001b[0m","timestamp":"2026-08-07 01:32:30"}
{"level":"info","message":"SIGINT received. Shutting down gracefully...","timestamp":"2026-08-07 01:36:00"}
{"level":"info","message":"MongoDB connected: ac-wp8elny-shard-00-00.vftguqk.mongodb.net","timestamp":"2026-08-07 01:36:05"}
{"level":"info","message":"Server running on http://localhost:5000 [development]","timestamp":"2026-08-07 01:36:05"}
{"level":"info","message":"SIGINT received. Shutting down gracefully...","timestamp":"2026-08-07 01:38:46"}
{"level":"info","message":"MongoDB connected: ac-wp8elny-shard-00-00.vftguqk.mongodb.net","timestamp":"2026-08-07 01:38:54"}
{"level":"info","message":"Server running on http://localhost:5000 [development]","timestamp":"2026-08-07 01:38:54"}
{"level":"http","message":"\u001b[0mGET /health \u001b[32m200\u001b[0m 1.547 ms - 108\u001b[0m","timestamp":"2026-08-07 01:38:57"}
{"level":"error","message":"POST /api/v1/auth/register -> 404: Route not found: /api/v1/auth/register","timestamp":"2026-08-07 01:41:50"}
{"level":"http","message":"\u001b[0mPOST /api/v1/auth/register \u001b[33m404\u001b[0m 1.329 ms - -\u001b[0m","timestamp":"2026-08-07 01:41:50"}
{"level":"info","message":"SIGINT received. Shutting down gracefully...","timestamp":"2026-08-07 01:41:58"}
{"level":"info","message":"MongoDB connected: ac-wp8elny-shard-00-00.vftguqk.mongodb.net","timestamp":"2026-08-07 01:42:03"}
{"level":"info","message":"Server running on http://localhost:5000 [development]","timestamp":"2026-08-07 01:42:03"}
{"level":"error","message":"POST /api/v1/auth/register -> 404: Route not found: /api/v1/auth/register","timestamp":"2026-08-07 01:42:06"}
{"level":"http","message":"\u001b[0mPOST /api/v1/auth/register \u001b[33m404\u001b[0m 2.170 ms - -\u001b[0m","timestamp":"2026-08-07 01:42:06"}
{"level":"info","message":"MongoDB connected: ac-wp8elny-shard-00-00.vftguqk.mongodb.net","timestamp":"2026-08-07 01:55:58"}
{"level":"info","message":"Server running on http://localhost:5000 [development]","timestamp":"2026-08-07 01:55:58"}
{"level":"info","message":"SIGINT received. Shutting down gracefully...","timestamp":"2026-08-07 01:56:02"}
{"level":"info","message":"MongoDB connected: ac-wp8elny-shard-00-02.vftguqk.mongodb.net","timestamp":"2026-08-07 01:56:06"}
{"level":"info","message":"Server running on http://localhost:5000 [development]","timestamp":"2026-08-07 01:56:06"}
{"level":"http","message":"\u001b[0mPOST /api/v1/auth/register \u001b[32m201\u001b[0m 623.363 ms - 827\u001b[0m","timestamp":"2026-08-07 01:56:11"}
{"level":"error","message":"POST /api/v1/auth/register -> 400: Expected property name or '}' in JSON at position 96 (line 5 column 15)","timestamp":"2026-08-07 01:57:01"}
{"level":"error","message":"POST /api/v1/auth/register -> 409: An account with this email already exists","timestamp":"2026-08-07 01:57:12"}
{"level":"http","message":"\u001b[0mPOST /api/v1/auth/register \u001b[33m409\u001b[0m 91.412 ms - 560\u001b[0m","timestamp":"2026-08-07 01:57:12"}
{"level":"http","message":"\u001b[0mPOST /api/v1/auth/register \u001b[32m201\u001b[0m 286.567 ms - 827\u001b[0m","timestamp":"2026-08-07 01:58:57"}
{"level":"error","message":"POST /api/v1/auth/login -> 401: Invalid email or password","timestamp":"2026-08-07 02:00:35"}
{"level":"http","message":"\u001b[0mPOST /api/v1/auth/login \u001b[33m401\u001b[0m 76.102 ms - 529\u001b[0m","timestamp":"2026-08-07 02:00:35"}
{"level":"http","message":"\u001b[0mPOST /api/v1/auth/register \u001b[32m201\u001b[0m 219.788 ms - 828\u001b[0m","timestamp":"2026-08-07 02:06:00"}
{"level":"error","message":"POST /api/v1/auth/login -> 500: user.comparePassword is not a function","timestamp":"2026-08-07 02:08:21"}
{"level":"http","message":"\u001b[0mPOST /api/v1/auth/login \u001b[31m500\u001b[0m 30.829 ms - 445\u001b[0m","timestamp":"2026-08-07 02:08:21"}
{"level":"info","message":"MongoDB connected: ac-wp8elny-shard-00-00.vftguqk.mongodb.net","timestamp":"2026-08-07 02:09:52"}
{"level":"info","message":"Server running on http://localhost:5000 [development]","timestamp":"2026-08-07 02:09:52"}
{"level":"info","message":"MongoDB connected: ac-wp8elny-shard-00-02.vftguqk.mongodb.net","timestamp":"2026-08-07 02:10:08"}
{"level":"info","message":"Server running on http://localhost:5000 [development]","timestamp":"2026-08-07 02:10:08"}
{"level":"info","message":"SIGINT received. Shutting down gracefully...","timestamp":"2026-08-07 02:10:11"}
{"level":"info","message":"MongoDB connected: ac-wp8elny-shard-00-00.vftguqk.mongodb.net","timestamp":"2026-08-07 02:10:15"}
{"level":"info","message":"Server running on http://localhost:5000 [development]","timestamp":"2026-08-07 02:10:15"}
{"level":"http","message":"\u001b[0mPOST /api/v1/auth/login \u001b[32m200\u001b[0m 213.095 ms - 845\u001b[0m","timestamp":"2026-08-07 02:10:52"}
{"level":"http","message":"\u001b[0mGET /api/v1/auth/me \u001b[32m200\u001b[0m 47.147 ms - 424\u001b[0m","timestamp":"2026-08-07 02:13:15"}
{"level":"http","message":"\u001b[0mPOST /api/v1/auth/refresh-token \u001b[32m200\u001b[0m 208.145 ms - 491\u001b[0m","timestamp":"2026-08-07 02:17:46"}
{"level":"http","message":"\u001b[0mPOST /api/v1/auth/logout \u001b[32m200\u001b[0m 67.796 ms - 62\u001b[0m","timestamp":"2026-08-07 02:18:58"}
{"level":"http","message":"\u001b[0mPOST /api/v1/auth/logout \u001b[32m200\u001b[0m 47.831 ms - 62\u001b[0m","timestamp":"2026-08-07 02:19:32"}
{"level":"info","message":"MongoDB connected: ac-wp8elny-shard-00-00.vftguqk.mongodb.net","timestamp":"2026-08-07 02:22:07"}
{"level":"info","message":"Server running on http://localhost:5000 [development]","timestamp":"2026-08-07 02:22:07"}
{"level":"info","message":"MongoDB connected: ac-wp8elny-shard-00-02.vftguqk.mongodb.net","timestamp":"2026-08-07 02:22:10"}
{"level":"info","message":"Server running on http://localhost:5000 [development]","timestamp":"2026-08-07 02:22:10"}
{"level":"info","message":"MongoDB connected: ac-wp8elny-shard-00-00.vftguqk.mongodb.net","timestamp":"2026-08-07 02:46:07"}
{"level":"info","message":"Server running on http://localhost:5000 [development]","timestamp":"2026-08-07 02:46:07"}
{"level":"info","message":"MongoDB connected: ac-wp8elny-shard-00-02.vftguqk.mongodb.net","timestamp":"2026-08-07 03:04:48"}
{"level":"info","message":"Server running on http://localhost:5000 [development]","timestamp":"2026-08-07 03:04:48"}
{"level":"info","message":"MongoDB connected: ac-wp8elny-shard-00-00.vftguqk.mongodb.net","timestamp":"2026-08-07 03:05:16"}
{"level":"info","message":"Server running on http://localhost:5000 [development]","timestamp":"2026-08-07 03:05:16"}
{"level":"info","message":"MongoDB connected: ac-wp8elny-shard-00-00.vftguqk.mongodb.net","timestamp":"2026-08-07 03:05:48"}
{"level":"info","message":"Server running on http://localhost:5000 [development]","timestamp":"2026-08-07 03:05:48"}
{"level":"info","message":"MongoDB connected: ac-wp8elny-shard-00-02.vftguqk.mongodb.net","timestamp":"2026-08-07 03:19:30"}
{"level":"info","message":"Server running on http://localhost:5000 [development]","timestamp":"2026-08-07 03:19:30"}
{"level":"info","message":"MongoDB connected: ac-wp8elny-shard-00-00.vftguqk.mongodb.net","timestamp":"2026-08-07 03:20:03"}
{"level":"info","message":"Server running on http://localhost:5000 [development]","timestamp":"2026-08-07 03:20:03"}
{"level":"info","message":"MongoDB connected: ac-wp8elny-shard-00-00.vftguqk.mongodb.net","timestamp":"2026-08-07 03:29:30"}
{"level":"info","message":"Server running on http://localhost:5000 [development]","timestamp":"2026-08-07 03:29:30"}
{"level":"info","message":"MongoDB connected: ac-wp8elny-shard-00-00.vftguqk.mongodb.net","timestamp":"2026-08-07 03:56:07"}
{"level":"info","message":"Server running on http://localhost:5000 [development]","timestamp":"2026-08-07 03:56:07"}
{"level":"info","message":"SIGINT received. Shutting down gracefully...","timestamp":"2026-08-07 03:56:07"}
{"level":"info","message":"MongoDB connected: ac-wp8elny-shard-00-02.vftguqk.mongodb.net","timestamp":"2026-08-07 03:56:17"}
{"level":"info","message":"Server running on http://localhost:5000 [development]","timestamp":"2026-08-07 03:56:17"}
{"level":"warn","message":"MongoDB disconnected","timestamp":"2026-08-07 06:46:27"}
{"level":"info","message":"SIGINT received. Shutting down gracefully...","timestamp":"2026-08-07 11:57:26"}
{"level":"info","message":"MongoDB connected: ac-wp8elny-shard-00-02.vftguqk.mongodb.net","timestamp":"2026-08-07 11:57:50"}
{"level":"info","message":"Server running on http://localhost:5000 [development]","timestamp":"2026-08-07 11:57:50"}
{"level":"info","message":"SIGINT received. Shutting down gracefully...","timestamp":"2026-08-07 12:02:19"}
{"level":"info","message":"MongoDB connected: ac-wp8elny-shard-00-00.vftguqk.mongodb.net","timestamp":"2026-08-07 12:02:29"}
{"level":"info","message":"Server running on http://localhost:5000 [development]","timestamp":"2026-08-07 12:02:29"}
{"level":"error","message":"GET / -> 404: Route not found: /","timestamp":"2026-08-07 12:03:10"}
{"level":"http","message":"\u001b[0mGET / \u001b[33m404\u001b[0m 5.206 ms - -\u001b[0m","timestamp":"2026-08-07 12:03:10"}
{"level":"error","message":"GET /favicon.ico -> 404: Route not found: /favicon.ico","timestamp":"2026-08-07 12:03:10"}
{"level":"http","message":"\u001b[0mGET /favicon.ico \u001b[33m404\u001b[0m 2.418 ms - -\u001b[0m","timestamp":"2026-08-07 12:03:10"}
{"level":"http","message":"\u001b[0mPOST /api/v1/auth/login \u001b[32m200\u001b[0m 2093.357 ms - 845\u001b[0m","timestamp":"2026-08-07 12:11:01"}
{"level":"error","message":"POST /api/v1/conversations -> 500: HTTP_STATUS_CREATED is not defined","timestamp":"2026-08-07 12:19:53"}
{"level":"http","message":"\u001b[0mPOST /api/v1/conversations \u001b[31m500\u001b[0m 277.022 ms - 331\u001b[0m","timestamp":"2026-08-07 12:19:53"}
{"level":"info","message":"SIGINT received. Shutting down gracefully...","timestamp":"2026-08-07 12:20:01"}
{"level":"info","message":"MongoDB connected: ac-wp8elny-shard-00-00.vftguqk.mongodb.net","timestamp":"2026-08-07 12:20:14"}
{"level":"info","message":"Server running on http://localhost:5000 [development]","timestamp":"2026-08-07 12:20:14"}
{"level":"error","message":"POST /api/v1/conversations -> 500: HTTP_STATUS_CREATED is not defined","timestamp":"2026-08-07 12:20:17"}
{"level":"http","message":"\u001b[0mPOST /api/v1/conversations \u001b[31m500\u001b[0m 140.743 ms - 331\u001b[0m","timestamp":"2026-08-07 12:20:17"}
{"level":"info","message":"MongoDB connected: ac-wp8elny-shard-00-02.vftguqk.mongodb.net","timestamp":"2026-08-07 12:23:37"}
{"level":"info","message":"Server running on http://localhost:5000 [development]","timestamp":"2026-08-07 12:23:37"}
{"level":"http","message":"\u001b[0mPOST /api/v1/conversations \u001b[32m201\u001b[0m 3273.107 ms - 434\u001b[0m","timestamp":"2026-08-07 12:23:50"}
{"level":"error","message":"GET /api/v1/conversations -> 401: Invalid or expired access token","timestamp":"2026-08-07 12:26:39"}
{"level":"http","message":"\u001b[0mGET /api/v1/conversations \u001b[33m401\u001b[0m 3.873 ms - -\u001b[0m","timestamp":"2026-08-07 12:26:39"}
{"level":"http","message":"\u001b[0mPOST /api/v1/auth/login \u001b[32m200\u001b[0m 394.447 ms - 845\u001b[0m","timestamp":"2026-08-07 12:26:51"}
{"level":"error","message":"GET /api/v1/conversations -> 500: Cannot access 'skip' before initialization","timestamp":"2026-08-07 12:27:04"}
{"level":"http","message":"\u001b[0mGET /api/v1/conversations \u001b[31m500\u001b[0m 28.637 ms - -\u001b[0m","timestamp":"2026-08-07 12:27:04"}
{"level":"error","message":"GET /api/v1/conversations -> 500: Cannot access 'skip' before initialization","timestamp":"2026-08-07 12:27:46"}
{"level":"http","message":"\u001b[0mGET /api/v1/conversations \u001b[31m500\u001b[0m 56.333 ms - -\u001b[0m","timestamp":"2026-08-07 12:27:46"}
{"level":"info","message":"MongoDB connected: ac-wp8elny-shard-00-00.vftguqk.mongodb.net","timestamp":"2026-08-07 12:29:29"}
{"level":"info","message":"Server running on http://localhost:5000 [development]","timestamp":"2026-08-07 12:29:30"}
{"level":"http","message":"\u001b[0mGET /api/v1/conversations \u001b[32m200\u001b[0m 92.404 ms - -\u001b[0m","timestamp":"2026-08-07 12:29:31"}
{"level":"http","message":"\u001b[0mGET /api/v1/conversations/6a7580fd8a0abea7b0494989 \u001b[32m200\u001b[0m 215.582 ms - 434\u001b[0m","timestamp":"2026-08-07 12:32:51"}
{"level":"error","message":"PATCH /api/v1/conversations/6a7580fd8a0abea7b0494989 -> 404: Route not found: /api/v1/conversations/6a7580fd8a0abea7b0494989","timestamp":"2026-08-07 12:37:21"}
{"level":"http","message":"\u001b[0mPATCH /api/v1/conversations/6a7580fd8a0abea7b0494989 \u001b[33m404\u001b[0m 73.738 ms - -\u001b[0m","timestamp":"2026-08-07 12:37:21"}
{"level":"info","message":"MongoDB connected: ac-wp8elny-shard-00-00.vftguqk.mongodb.net","timestamp":"2026-08-07 12:40:15"}
{"level":"info","message":"Server running on http://localhost:5000 [development]","timestamp":"2026-08-07 12:40:15"}
{"level":"http","message":"\u001b[0mPATCH /api/v1/conversations/6a7580fd8a0abea7b0494989 \u001b[32m200\u001b[0m 125.736 ms - 433\u001b[0m","timestamp":"2026-08-07 12:40:17"}
{"level":"http","message":"\u001b[0mPATCH /api/v1/conversations/6a7580fd8a0abea7b0494989/pin \u001b[32m200\u001b[0m 102.877 ms - 423\u001b[0m","timestamp":"2026-08-07 12:41:09"}
{"level":"http","message":"\u001b[0mPATCH /api/v1/conversations/6a7580fd8a0abea7b0494989 \u001b[32m200\u001b[0m 165.961 ms - 432\u001b[0m","timestamp":"2026-08-07 12:41:26"}
{"level":"error","message":"PATCH /api/v1/conversations/6a7580fd8a0abea7b0494989/pin -> 401: Invalid or expired access token","timestamp":"2026-08-07 12:42:19"}
{"level":"http","message":"\u001b[0mPATCH /api/v1/conversations/6a7580fd8a0abea7b0494989/pin \u001b[33m401\u001b[0m 1.507 ms - -\u001b[0m","timestamp":"2026-08-07 12:42:19"}
{"level":"info","message":"MongoDB connected: ac-wp8elny-shard-00-00.vftguqk.mongodb.net","timestamp":"2026-08-07 12:43:11"}
{"level":"info","message":"Server running on http://localhost:5000 [development]","timestamp":"2026-08-07 12:43:11"}
{"level":"info","message":"SIGINT received. Shutting down gracefully...","timestamp":"2026-08-07 12:43:14"}
{"level":"info","message":"MongoDB connected: ac-wp8elny-shard-00-02.vftguqk.mongodb.net","timestamp":"2026-08-07 12:43:18"}
{"level":"info","message":"Server running on http://localhost:5000 [development]","timestamp":"2026-08-07 12:43:18"}
{"level":"error","message":"PATCH /api/v1/conversations/6a7580fd8a0abea7b0494989/pin -> 401: Invalid or expired access token","timestamp":"2026-08-07 12:43:22"}
{"level":"http","message":"\u001b[0mPATCH /api/v1/conversations/6a7580fd8a0abea7b0494989/pin \u001b[33m401\u001b[0m 4.151 ms - -\u001b[0m","timestamp":"2026-08-07 12:43:22"}
{"level":"http","message":"\u001b[0mPOST /api/v1/auth/login \u001b[32m200\u001b[0m 924.641 ms - 845\u001b[0m","timestamp":"2026-08-07 12:43:32"}
{"level":"http","message":"\u001b[0mPATCH /api/v1/conversations/6a7580fd8a0abea7b0494989/pin \u001b[32m200\u001b[0m 3905.110 ms - 424\u001b[0m","timestamp":"2026-08-07 12:43:47"}
{"level":"http","message":"\u001b[0mPATCH /api/v1/conversations/6a7580fd8a0abea7b0494989/favorite \u001b[32m200\u001b[0m 126.712 ms - 428\u001b[0m","timestamp":"2026-08-07 12:46:39"}
{"level":"http","message":"\u001b[0mPATCH /api/v1/conversations/6a7580fd8a0abea7b0494989/archive \u001b[32m200\u001b[0m 198.857 ms - 429\u001b[0m","timestamp":"2026-08-07 12:48:15"}
{"level":"http","message":"\u001b[0mPATCH /api/v1/conversations/6a7580fd8a0abea7b0494989 \u001b[32m200\u001b[0m 89.660 ms - 434\u001b[0m","timestamp":"2026-08-07 12:49:20"}
{"level":"http","message":"\u001b[0mDELETE /api/v1/conversations/6a7580fd8a0abea7b0494989 \u001b[32m200\u001b[0m 108.896 ms - 72\u001b[0m","timestamp":"2026-08-07 12:49:33"}
{"level":"info","message":"MongoDB connected: ac-wp8elny-shard-00-00.vftguqk.mongodb.net","timestamp":"2026-08-07 12:55:03"}
{"level":"info","message":"Server running on http://localhost:5000 [development]","timestamp":"2026-08-07 12:55:03"}
{"level":"info","message":"MongoDB connected: ac-wp8elny-shard-00-00.vftguqk.mongodb.net","timestamp":"2026-08-07 13:00:18"}
{"level":"info","message":"Server running on http://localhost:5000 [development]","timestamp":"2026-08-07 13:00:18"}
{"level":"info","message":"MongoDB connected: ac-wp8elny-shard-00-02.vftguqk.mongodb.net","timestamp":"2026-08-07 13:00:21"}
{"level":"info","message":"Server running on http://localhost:5000 [development]","timestamp":"2026-08-07 13:00:21"}
{"level":"info","message":"MongoDB connected: ac-wp8elny-shard-00-00.vftguqk.mongodb.net","timestamp":"2026-08-07 13:00:31"}
{"level":"info","message":"Server running on http://localhost:5000 [development]","timestamp":"2026-08-07 13:00:31"}
{"level":"info","message":"MongoDB connected: ac-wp8elny-shard-00-00.vftguqk.mongodb.net","timestamp":"2026-08-07 13:01:06"}
{"level":"info","message":"Server running on http://localhost:5000 [development]","timestamp":"2026-08-07 13:01:06"}
{"level":"info","message":"MongoDB connected: ac-wp8elny-shard-00-02.vftguqk.mongodb.net","timestamp":"2026-08-07 13:07:17"}
{"level":"info","message":"Server running on http://localhost:5000 [development]","timestamp":"2026-08-07 13:07:17"}
{"level":"info","message":"MongoDB connected: ac-wp8elny-shard-00-00.vftguqk.mongodb.net","timestamp":"2026-08-07 13:07:25"}
{"level":"info","message":"Server running on http://localhost:5000 [development]","timestamp":"2026-08-07 13:07:25"}
{"level":"info","message":"MongoDB connected: ac-wp8elny-shard-00-02.vftguqk.mongodb.net","timestamp":"2026-08-07 13:07:42"}
{"level":"info","message":"Server running on http://localhost:5000 [development]","timestamp":"2026-08-07 13:07:42"}
{"level":"info","message":"MongoDB connected: ac-wp8elny-shard-00-00.vftguqk.mongodb.net","timestamp":"2026-08-07 13:07:45"}
{"level":"info","message":"Server running on http://localhost:5000 [development]","timestamp":"2026-08-07 13:07:45"}
{"level":"info","message":"MongoDB connected: ac-wp8elny-shard-00-00.vftguqk.mongodb.net","timestamp":"2026-08-07 13:08:19"}
{"level":"info","message":"Server running on http://localhost:5000 [development]","timestamp":"2026-08-07 13:08:19"}
{"level":"info","message":"MongoDB connected: ac-wp8elny-shard-00-02.vftguqk.mongodb.net","timestamp":"2026-08-07 13:08:41"}
{"level":"info","message":"Server running on http://localhost:5000 [development]","timestamp":"2026-08-07 13:08:41"}
{"level":"info","message":"MongoDB connected: ac-wp8elny-shard-00-00.vftguqk.mongodb.net","timestamp":"2026-08-07 13:08:45"}
{"level":"info","message":"Server running on http://localhost:5000 [development]","timestamp":"2026-08-07 13:08:45"}
{"level":"info","message":"MongoDB connected: ac-wp8elny-shard-00-01.vftguqk.mongodb.net","timestamp":"2026-08-07 13:09:00"}
{"level":"info","message":"Server running on http://localhost:5000 [development]","timestamp":"2026-08-07 13:09:00"}
{"level":"info","message":"MongoDB connected: ac-wp8elny-shard-00-02.vftguqk.mongodb.net","timestamp":"2026-08-07 13:09:06"}
{"level":"info","message":"Server running on http://localhost:5000 [development]","timestamp":"2026-08-07 13:09:06"}
{"level":"info","message":"SIGINT received. Shutting down gracefully...","timestamp":"2026-08-07 13:09:15"}
{"level":"info","message":"MongoDB connected: ac-wp8elny-shard-00-00.vftguqk.mongodb.net","timestamp":"2026-08-07 13:09:19"}
{"level":"info","message":"Server running on http://localhost:5000 [development]","timestamp":"2026-08-07 13:09:19"}
{"level":"warn","message":"MongoDB disconnected","timestamp":"2026-08-07 22:37:10"}
{"level":"info","message":"MongoDB connected: ac-wp8elny-shard-00-00.vftguqk.mongodb.net","timestamp":"2026-08-07 22:39:09"}
{"level":"info","message":"Server running on http://localhost:5000 [development]","timestamp":"2026-08-07 22:39:09"}
{"level":"warn","message":"MongoDB disconnected","timestamp":"2026-08-07 23:15:06"}
{"level":"info","message":"SIGINT received. Shutting down gracefully...","timestamp":"2026-08-07 23:18:21"}
{"level":"info","message":"MongoDB connected: ac-wp8elny-shard-00-00.vftguqk.mongodb.net","timestamp":"2026-08-07 23:18:41"}
{"level":"info","message":"Server running on http://localhost:5000 [development]","timestamp":"2026-08-07 23:18:41"}
{"level":"http","message":"\u001b[0mPOST /api/v1/auth/login \u001b[32m200\u001b[0m 240.489 ms - 845\u001b[0m","timestamp":"2026-08-07 23:18:52"}
{"level":"error","message":"POST /api/v1/conversations/%206a7580fd8a0abea7b0494989 -> 404: Route not found: /api/v1/conversations/%206a7580fd8a0abea7b0494989","timestamp":"2026-08-07 23:19:27"}
{"level":"http","message":"\u001b[0mPOST /api/v1/conversations/%206a7580fd8a0abea7b0494989 \u001b[33m404\u001b[0m 52.733 ms - -\u001b[0m","timestamp":"2026-08-07 23:19:27"}
{"level":"error","message":"POST /api/v1/conversations/6a7580fd8a0abea7b0494989 -> 404: Route not found: /api/v1/conversations/6a7580fd8a0abea7b0494989","timestamp":"2026-08-07 23:20:28"}
{"level":"http","message":"\u001b[0mPOST /api/v1/conversations/6a7580fd8a0abea7b0494989 \u001b[33m404\u001b[0m 87.779 ms - -\u001b[0m","timestamp":"2026-08-07 23:20:28"}
{"level":"info","message":"SIGINT received. Shutting down gracefully...","timestamp":"2026-08-07 23:20:33"}
{"level":"info","message":"MongoDB connected: ac-wp8elny-shard-00-00.vftguqk.mongodb.net","timestamp":"2026-08-07 23:20:39"}
{"level":"info","message":"Server running on http://localhost:5000 [development]","timestamp":"2026-08-07 23:20:39"}
{"level":"error","message":"POST /api/v1/conversations/6a7580fd8a0abea7b0494989 -> 404: Route not found: /api/v1/conversations/6a7580fd8a0abea7b0494989","timestamp":"2026-08-07 23:20:44"}
{"level":"http","message":"\u001b[0mPOST /api/v1/conversations/6a7580fd8a0abea7b0494989 \u001b[33m404\u001b[0m 69.604 ms - -\u001b[0m","timestamp":"2026-08-07 23:20:44"}
{"level":"info","message":"MongoDB connected: ac-wp8elny-shard-00-00.vftguqk.mongodb.net","timestamp":"2026-08-08 00:59:27"}
{"level":"info","message":"Server running on http://localhost:5000 [development]","timestamp":"2026-08-08 00:59:27"}
{"level":"warn","message":"MongoDB disconnected","timestamp":"2026-08-08 01:06:07"}
{"level":"info","message":"SIGINT received. Shutting down gracefully...","timestamp":"2026-08-08 01:06:51"}
{"level":"info","message":"MongoDB connected: ac-wp8elny-shard-00-00.vftguqk.mongodb.net","timestamp":"2026-08-08 01:07:27"}
{"level":"info","message":"Server running on http://localhost:5000 [development]","timestamp":"2026-08-08 01:07:27"}
{"level":"error","message":"POST /api/v1/conversations/6a7580fd8a0abea7b0494989 -> 401: Invalid or expired access token","timestamp":"2026-08-08 01:07:55"}
{"level":"http","message":"\u001b[0mPOST /api/v1/conversations/6a7580fd8a0abea7b0494989 \u001b[33m401\u001b[0m 9.672 ms - -\u001b[0m","timestamp":"2026-08-08 01:07:55"}
{"level":"warn","message":"MongoDB disconnected","timestamp":"2026-08-08 01:08:19"}
{"level":"error","message":"POST /api/v1/conversations/6a7580fd8a0abea7b0494989 -> 401: Invalid or expired access token","timestamp":"2026-08-08 01:08:52"}
{"level":"http","message":"\u001b[0mPOST /api/v1/conversations/6a7580fd8a0abea7b0494989 \u001b[33m401\u001b[0m 1.944 ms - -\u001b[0m","timestamp":"2026-08-08 01:08:52"}
{"level":"http","message":"\u001b[0mPOST /api/v1/auth/login \u001b[32m200\u001b[0m 1261.638 ms - 845\u001b[0m","timestamp":"2026-08-08 01:09:06"}
{"level":"error","message":"POST /api/v1/conversations/6a7580fd8a0abea7b0494989 -> 404: Route not found: /api/v1/conversations/6a7580fd8a0abea7b0494989","timestamp":"2026-08-08 01:09:25"}
{"level":"http","message":"\u001b[0mPOST /api/v1/conversations/6a7580fd8a0abea7b0494989 \u001b[33m404\u001b[0m 129.885 ms - -\u001b[0m","timestamp":"2026-08-08 01:09:25"}
{"level":"info","message":"MongoDB connected: ac-wp8elny-shard-00-00.vftguqk.mongodb.net","timestamp":"2026-08-08 01:14:53"}
{"level":"info","message":"Server running on http://localhost:5000 [development]","timestamp":"2026-08-08 01:14:53"}
{"level":"info","message":"MongoDB connected: ac-wp8elny-shard-00-00.vftguqk.mongodb.net","timestamp":"2026-08-08 01:16:26"}
{"level":"info","message":"Server running on http://localhost:5000 [development]","timestamp":"2026-08-08 01:16:26"}
{"level":"error","message":"MongoDB connection failed: Could not connect to any servers in your MongoDB Atlas cluster. One common reason is that you're trying to access the database from an IP that isn't whitelisted. Make sure your current IP address is on your Atlas cluster's IP whitelist: https://www.mongodb.com/docs/atlas/security-whitelist/","timestamp":"2026-08-08 01:16:46"}
{"level":"error","message":"MongoDB connection failed: Could not connect to any servers in your MongoDB Atlas cluster. One common reason is that you're trying to access the database from an IP that isn't whitelisted. Make sure your current IP address is on your Atlas cluster's IP whitelist: https://www.mongodb.com/docs/atlas/security-whitelist/","timestamp":"2026-08-08 01:17:22"}
{"level":"info","message":"MongoDB connected: ac-wp8elny-shard-00-00.vftguqk.mongodb.net","timestamp":"2026-08-08 01:18:23"}
{"level":"info","message":"Server running on http://localhost:5000 [development]","timestamp":"2026-08-08 01:18:23"}
{"level":"error","message":"POST /api/v1/conversations/6a7580fd8a0abea7b0494989 -> 404: Route not found: /api/v1/conversations/6a7580fd8a0abea7b0494989","timestamp":"2026-08-08 01:18:29"}
{"level":"http","message":"\u001b[0mPOST /api/v1/conversations/6a7580fd8a0abea7b0494989 \u001b[33m404\u001b[0m 1747.774 ms - -\u001b[0m","timestamp":"2026-08-08 01:18:29"}
{"level":"info","message":"MongoDB connected: ac-wp8elny-shard-00-00.vftguqk.mongodb.net","timestamp":"2026-08-08 01:21:09"}
{"level":"info","message":"Server running on http://localhost:5000 [development]","timestamp":"2026-08-08 01:21:09"}
{"level":"info","message":"MongoDB connected: ac-wp8elny-shard-00-00.vftguqk.mongodb.net","timestamp":"2026-08-08 01:23:59"}
{"level":"info","message":"Server running on http://localhost:5000 [development]","timestamp":"2026-08-08 01:23:59"}
{"level":"error","message":"POST /api/v1/conversations/6a7580fd8a0abea7b0494989 -> 404: Route not found: /api/v1/conversations/6a7580fd8a0abea7b0494989","timestamp":"2026-08-08 01:24:18"}
{"level":"http","message":"\u001b[0mPOST /api/v1/conversations/6a7580fd8a0abea7b0494989 \u001b[33m404\u001b[0m 13093.818 ms - -\u001b[0m","timestamp":"2026-08-08 01:24:18"}
{"level":"warn","message":"MongoDB disconnected","timestamp":"2026-08-08 01:24:19"}
{"level":"info","message":"SIGINT received. Shutting down gracefully...","timestamp":"2026-08-08 01:24:32"}
{"level":"info","message":"MongoDB connected: ac-wp8elny-shard-00-00.vftguqk.mongodb.net","timestamp":"2026-08-08 01:24:35"}
{"level":"info","message":"Server running on http://localhost:5000 [development]","timestamp":"2026-08-08 01:24:35"}
{"level":"error","message":"POST /api/v1/conversations/6a7580fd8a0abea7b0494989/messages -> 401: Invalid or expired access token","timestamp":"2026-08-08 01:25:54"}
{"level":"http","message":"\u001b[0mPOST /api/v1/conversations/6a7580fd8a0abea7b0494989/messages \u001b[33m401\u001b[0m 6.064 ms - -\u001b[0m","timestamp":"2026-08-08 01:25:54"}
{"level":"http","message":"\u001b[0mPOST /api/v1/auth/login \u001b[32m200\u001b[0m 154.073 ms - 845\u001b[0m","timestamp":"2026-08-08 01:26:00"}
{"level":"http","message":"\u001b[0mPOST /api/v1/conversations/6a7580fd8a0abea7b0494989/messages \u001b[32m201\u001b[0m 180.864 ms - 515\u001b[0m","timestamp":"2026-08-08 01:26:18"}
{"level":"http","message":"\u001b[0mGET /api/v1/conversations/6a7580fd8a0abea7b0494989/messages \u001b[32m200\u001b[0m 152.073 ms - 582\u001b[0m","timestamp":"2026-08-08 01:28:12"}
{"level":"error","message":"PATCH /api/v1/conversations/6a763862ef0fb7ac6d382ca2/messages -> 404: Route not found: /api/v1/conversations/6a763862ef0fb7ac6d382ca2/messages","timestamp":"2026-08-08 01:29:26"}
{"level":"http","message":"\u001b[0mPATCH /api/v1/conversations/6a763862ef0fb7ac6d382ca2/messages \u001b[33m404\u001b[0m 62.190 ms - -\u001b[0m","timestamp":"2026-08-08 01:29:26"}
{"level":"info","message":"MongoDB connected: ac-wp8elny-shard-00-00.vftguqk.mongodb.net","timestamp":"2026-08-08 01:31:14"}
{"level":"info","message":"Server running on http://localhost:5000 [development]","timestamp":"2026-08-08 01:31:14"}
{"level":"info","message":"MongoDB connected: ac-wp8elny-shard-00-00.vftguqk.mongodb.net","timestamp":"2026-08-08 01:31:35"}
{"level":"info","message":"Server running on http://localhost:5000 [development]","timestamp":"2026-08-08 01:31:35"}
{"level":"error","message":"PATCH /api/v1/conversations/6a763862ef0fb7ac6d382ca2/messages -> 404: Route not found: /api/v1/conversations/6a763862ef0fb7ac6d382ca2/messages","timestamp":"2026-08-08 01:31:52"}
{"level":"http","message":"\u001b[0mPATCH /api/v1/conversations/6a763862ef0fb7ac6d382ca2/messages \u001b[33m404\u001b[0m 992.465 ms - -\u001b[0m","timestamp":"2026-08-08 01:31:52"}
{"level":"http","message":"\u001b[0mPATCH /api/v1/messages/6a763862ef0fb7ac6d382ca2 \u001b[32m200\u001b[0m 1352.313 ms - 508\u001b[0m","timestamp":"2026-08-08 01:33:19"}
{"level":"http","message":"\u001b[0mDELETE /api/v1/messages/6a763862ef0fb7ac6d382ca2 \u001b[32m200\u001b[0m 112.302 ms - 67\u001b[0m","timestamp":"2026-08-08 01:36:39"}
{"level":"info","message":"MongoDB connected: ac-wp8elny-shard-00-00.vftguqk.mongodb.net","timestamp":"2026-08-08 01:44:04"}
{"level":"info","message":"Server running on http://localhost:5000 [development]","timestamp":"2026-08-08 01:44:04"}
{"level":"info","message":"MongoDB connected: ac-wp8elny-shard-00-02.vftguqk.mongodb.net","timestamp":"2026-08-08 01:44:44"}
{"level":"info","message":"Server running on http://localhost:5000 [development]","timestamp":"2026-08-08 01:44:44"}
{"level":"info","message":"MongoDB connected: ac-wp8elny-shard-00-00.vftguqk.mongodb.net","timestamp":"2026-08-08 02:04:26"}
{"level":"info","message":"Server running on http://localhost:5000 [development]","timestamp":"2026-08-08 02:04:26"}
{"level":"info","message":"MongoDB connected: ac-wp8elny-shard-00-02.vftguqk.mongodb.net","timestamp":"2026-08-08 02:04:31"}
{"level":"info","message":"Server running on http://localhost:5000 [development]","timestamp":"2026-08-08 02:04:31"}
{"level":"info","message":"MongoDB connected: ac-wp8elny-shard-00-01.vftguqk.mongodb.net","timestamp":"2026-08-08 02:05:14"}
{"level":"info","message":"Server running on http://localhost:5000 [development]","timestamp":"2026-08-08 02:05:14"}
{"level":"info","message":"MongoDB connected: ac-wp8elny-shard-00-02.vftguqk.mongodb.net","timestamp":"2026-08-08 02:10:53"}
{"level":"info","message":"Server running on http://localhost:5000 [development]","timestamp":"2026-08-08 02:10:53"}
{"level":"info","message":"MongoDB connected: ac-wp8elny-shard-00-00.vftguqk.mongodb.net","timestamp":"2026-08-08 02:19:28"}
{"level":"info","message":"Server running on http://localhost:5000 [development]","timestamp":"2026-08-08 02:19:28"}
{"level":"info","message":"MongoDB connected: ac-wp8elny-shard-00-00.vftguqk.mongodb.net","timestamp":"2026-08-08 02:21:22"}
{"level":"info","message":"Server running on http://localhost:5000 [development]","timestamp":"2026-08-08 02:21:22"}
{"level":"info","message":"SIGINT received. Shutting down gracefully...","timestamp":"2026-08-08 02:21:49"}
{"level":"info","message":"MongoDB connected: ac-wp8elny-shard-00-02.vftguqk.mongodb.net","timestamp":"2026-08-08 02:22:11"}
{"level":"info","message":"Server running on http://localhost:5000 [development]","timestamp":"2026-08-08 02:22:11"}
{"level":"http","message":"\u001b[0mPOST /api/v1/auth/login \u001b[32m200\u001b[0m 929.441 ms - 845\u001b[0m","timestamp":"2026-08-08 02:23:38"}
{"level":"http","message":"\u001b[0mPOST /api/v1/auth/login \u001b[32m200\u001b[0m 206.120 ms - 845\u001b[0m","timestamp":"2026-08-08 02:31:22"}
{"level":"info","message":"SIGINT received. Shutting down gracefully...","timestamp":"2026-08-08 02:31:47"}
{"level":"info","message":"MongoDB connected: ac-wp8elny-shard-00-00.vftguqk.mongodb.net","timestamp":"2026-08-08 02:31:51"}
{"level":"info","message":"Server running on http://localhost:5000 [development]","timestamp":"2026-08-08 02:31:51"}
{"level":"http","message":"\u001b[0mPOST /api/v1/conversations/6a7580fd8a0abea7b0494989/messages \u001b[32m201\u001b[0m 230.842 ms - 77\u001b[0m","timestamp":"2026-08-08 02:31:55"}
{"level":"info","message":"MongoDB connected: ac-wp8elny-shard-00-00.vftguqk.mongodb.net","timestamp":"2026-08-08 02:40:39"}
{"level":"info","message":"Server running on http://localhost:5000 [development]","timestamp":"2026-08-08 02:40:39"}
{"level":"error","message":"AI generation failed: AI provider \"openai\" is not supported","timestamp":"2026-08-08 02:40:58"}
{"level":"http","message":"\u001b[0mPOST /api/v1/conversations/6a7580fd8a0abea7b0494989/messages \u001b[32m201\u001b[0m 392.601 ms - -\u001b[0m","timestamp":"2026-08-08 02:40:58"}
{"level":"info","message":"SIGINT received. Shutting down gracefully...","timestamp":"2026-08-08 02:44:17"}
{"level":"info","message":"MongoDB connected: ac-wp8elny-shard-00-00.vftguqk.mongodb.net","timestamp":"2026-08-08 02:44:20"}
{"level":"info","message":"Server running on http://localhost:5000 [development]","timestamp":"2026-08-08 02:44:20"}
{"level":"error","message":"AI generation failed: Gemini API error: models/gpt-4o-mini is not found for API version v1beta, or is not supported for generateContent. Call ModelService.ListModels to see the list of available models and their supported methods.","timestamp":"2026-08-08 02:44:47"}
{"level":"http","message":"\u001b[0mPOST /api/v1/conversations/6a7580fd8a0abea7b0494989/messages \u001b[32m201\u001b[0m 973.038 ms - -\u001b[0m","timestamp":"2026-08-08 02:44:47"}
{"level":"http","message":"\u001b[0mPOST /api/v1/auth/login \u001b[32m200\u001b[0m 322.710 ms - 845\u001b[0m","timestamp":"2026-08-08 02:47:39"}
{"level":"http","message":"\u001b[0mPOST /api/v1/conversations \u001b[32m201\u001b[0m 78.228 ms - 434\u001b[0m","timestamp":"2026-08-08 02:47:57"}
{"level":"info","message":"MongoDB connected: ac-wp8elny-shard-00-00.vftguqk.mongodb.net","timestamp":"2026-08-08 02:49:16"}
{"level":"info","message":"Server running on http://localhost:5000 [development]","timestamp":"2026-08-08 02:49:16"}
{"level":"http","message":"\u001b[0mPOST /api/v1/conversations \u001b[32m201\u001b[0m 326.001 ms - 434\u001b[0m","timestamp":"2026-08-08 02:49:35"}
{"level":"info","message":"SIGINT received. Shutting down gracefully...","timestamp":"2026-08-08 02:49:45"}
{"level":"info","message":"MongoDB connected: ac-wp8elny-shard-00-02.vftguqk.mongodb.net","timestamp":"2026-08-08 02:49:49"}
{"level":"info","message":"Server running on http://localhost:5000 [development]","timestamp":"2026-08-08 02:49:49"}
{"level":"http","message":"\u001b[0mPOST /api/v1/conversations \u001b[32m201\u001b[0m 220.724 ms - 434\u001b[0m","timestamp":"2026-08-08 02:49:54"}
{"level":"info","message":"SIGINT received. Shutting down gracefully...","timestamp":"2026-08-08 02:50:47"}
{"level":"info","message":"MongoDB connected: ac-wp8elny-shard-00-00.vftguqk.mongodb.net","timestamp":"2026-08-08 02:54:04"}
{"level":"info","message":"Server running on http://localhost:5000 [development]","timestamp":"2026-08-08 02:54:04"}
{"level":"http","message":"\u001b[0mPOST /api/v1/conversations \u001b[32m201\u001b[0m 164.096 ms - 434\u001b[0m","timestamp":"2026-08-08 02:54:20"}
{"level":"info","message":"SIGINT received. Shutting down gracefully...","timestamp":"2026-08-08 02:55:02"}
{"level":"info","message":"MongoDB connected: ac-wp8elny-shard-00-00.vftguqk.mongodb.net","timestamp":"2026-08-08 02:56:35"}
{"level":"info","message":"Server running on http://localhost:5000 [development]","timestamp":"2026-08-08 02:56:35"}
{"level":"http","message":"\u001b[0mPOST /api/v1/auth/login \u001b[32m200\u001b[0m 395.728 ms - 845\u001b[0m","timestamp":"2026-08-08 02:57:40"}
{"level":"error","message":"AI generation failed: Gemini API error: models/gemini-1.5-flash is not found for API version v1beta, or is not supported for generateContent. Call ModelService.ListModels to see the list of available models and their supported methods.","timestamp":"2026-08-08 02:57:56"}
{"level":"http","message":"\u001b[0mPOST /api/v1/conversations/6a764d0355be98a92999753f/messages \u001b[32m201\u001b[0m 1393.447 ms - -\u001b[0m","timestamp":"2026-08-08 02:57:57"}
{"level":"error","message":"AI generation failed: Gemini API error: models/gemini-1.5-flash is not found for API version v1beta, or is not supported for generateContent. Call ModelService.ListModels to see the list of available models and their supported methods.","timestamp":"2026-08-08 02:58:37"}
{"level":"http","message":"\u001b[0mPOST /api/v1/conversations/6a764d0355be98a92999753f/messages \u001b[32m201\u001b[0m 1198.542 ms - 1018\u001b[0m","timestamp":"2026-08-08 02:58:37"}
{"level":"info","message":"SIGINT received. Shutting down gracefully...","timestamp":"2026-08-08 03:00:11"}
{"level":"info","message":"MongoDB connected: ac-wp8elny-shard-00-00.vftguqk.mongodb.net","timestamp":"2026-08-08 03:00:15"}
{"level":"info","message":"Server running on http://localhost:5000 [development]","timestamp":"2026-08-08 03:00:15"}
{"level":"error","message":"AI generation failed: Gemini API error: models/gemini-1.5-flash is not found for API version v1beta, or is not supported for generateContent. Call ModelService.ListModels to see the list of available models and their supported methods.","timestamp":"2026-08-08 03:00:24"}
{"level":"http","message":"\u001b[0mPOST /api/v1/conversations/6a764d0355be98a92999753f/messages \u001b[32m201\u001b[0m 784.244 ms - 1018\u001b[0m","timestamp":"2026-08-08 03:00:24"}
{"level":"info","message":"SIGINT received. Shutting down gracefully...","timestamp":"2026-08-08 03:02:29"}
{"level":"info","message":"MongoDB connected: ac-wp8elny-shard-00-00.vftguqk.mongodb.net","timestamp":"2026-08-08 03:02:46"}
{"level":"info","message":"Server running on http://localhost:5000 [development]","timestamp":"2026-08-08 03:02:46"}
{"level":"error","message":"AI generation failed: Gemini API error: This model models/gemini-2.5-flash is no longer available to new users. Please update your code to use a newer model for the latest features and improvements.","timestamp":"2026-08-08 03:03:01"}
{"level":"http","message":"\u001b[0mPOST /api/v1/conversations/6a764d0355be98a92999753f/messages \u001b[32m201\u001b[0m 1028.136 ms - 1018\u001b[0m","timestamp":"2026-08-08 03:03:01"}
{"level":"info","message":"SIGINT received. Shutting down gracefully...","timestamp":"2026-08-08 03:04:32"}
{"level":"info","message":"MongoDB connected: ac-wp8elny-shard-00-00.vftguqk.mongodb.net","timestamp":"2026-08-08 03:04:59"}
{"level":"info","message":"Server running on http://localhost:5000 [development]","timestamp":"2026-08-08 03:04:59"}
{"level":"error","message":"AI generation failed: Gemini API error: This model models/gemini-2.5-flash-lite is no longer available to new users. Please update your code to use a newer model for the latest features and improvements.","timestamp":"2026-08-08 03:05:05"}
{"level":"http","message":"\u001b[0mPOST /api/v1/conversations/6a764d0355be98a92999753f/messages \u001b[32m201\u001b[0m 1171.822 ms - 1018\u001b[0m","timestamp":"2026-08-08 03:05:05"}
{"level":"info","message":"SIGINT received. Shutting down gracefully...","timestamp":"2026-08-08 03:06:12"}
{"level":"info","message":"MongoDB connected: ac-wp8elny-shard-00-00.vftguqk.mongodb.net","timestamp":"2026-08-08 03:06:41"}
{"level":"info","message":"Server running on http://localhost:5000 [development]","timestamp":"2026-08-08 03:06:41"}
{"level":"error","message":"AI generation failed: Gemini API error: This model models/gemini-2.5-flash-lite is no longer available to new users. Please update your code to use a newer model for the latest features and improvements.","timestamp":"2026-08-08 03:06:51"}
{"level":"http","message":"\u001b[0mPOST /api/v1/conversations/6a764d0355be98a92999753f/messages \u001b[32m201\u001b[0m 2147.555 ms - 1018\u001b[0m","timestamp":"2026-08-08 03:06:52"}
{"level":"info","message":"SIGINT received. Shutting down gracefully...","timestamp":"2026-08-08 03:08:47"}
{"level":"info","message":"MongoDB connected: ac-wp8elny-shard-00-00.vftguqk.mongodb.net","timestamp":"2026-08-08 03:08:56"}
{"level":"info","message":"Server running on http://localhost:5000 [development]","timestamp":"2026-08-08 03:08:56"}
{"level":"http","message":"\u001b[0mPOST /api/v1/conversations/6a764d0355be98a92999753f/messages \u001b[32m201\u001b[0m 3478.036 ms - -\u001b[0m","timestamp":"2026-08-08 03:09:13"}
{"level":"info","message":"MongoDB connected: ac-wp8elny-shard-00-00.vftguqk.mongodb.net","timestamp":"2026-08-08 14:53:24"}
{"level":"info","message":"Server running on http://localhost:5000 [development]","timestamp":"2026-08-08 14:53:24"}
{"level":"info","message":"SIGINT received. Shutting down gracefully...","timestamp":"2026-08-08 14:56:12"}
{"level":"info","message":"MongoDB connected: ac-wp8elny-shard-00-02.vftguqk.mongodb.net","timestamp":"2026-08-08 14:56:57"}
{"level":"info","message":"Server running on http://localhost:5000 [development]","timestamp":"2026-08-08 14:56:57"}
{"level":"info","message":"SIGINT received. Shutting down gracefully...","timestamp":"2026-08-08 14:57:39"}
{"level":"info","message":"MongoDB connected: ac-wp8elny-shard-00-00.vftguqk.mongodb.net","timestamp":"2026-08-09 11:24:05"}
{"level":"info","message":"Server running on http://localhost:5000 [development]","timestamp":"2026-08-09 11:24:05"}
{"level":"info","message":"SIGINT received. Shutting down gracefully...","timestamp":"2026-08-09 11:24:14"}
{"level":"info","message":"MongoDB connected: ac-wp8elny-shard-00-00.vftguqk.mongodb.net","timestamp":"2026-08-09 12:57:22"}
{"level":"info","message":"Server running on http://localhost:5000 [development]","timestamp":"2026-08-09 12:57:22"}
{"level":"info","message":"SIGINT received. Shutting down gracefully...","timestamp":"2026-08-09 13:50:46"}
{"level":"info","message":"MongoDB connected: ac-wp8elny-shard-00-00.vftguqk.mongodb.net","timestamp":"2026-08-09 13:50:52"}
{"level":"info","message":"Server running on http://localhost:5000 [development]","timestamp":"2026-08-09 13:50:52"}
{"level":"http","message":"\u001b[0mPOST /api/v1/auth/login \u001b[32m200\u001b[0m 400.171 ms - 845\u001b[0m","timestamp":"2026-08-09 14:01:30"}
{"level":"error","message":"POST /api/v1/files -> 404: Route not found: /api/v1/files","timestamp":"2026-08-09 14:02:57"}
{"level":"http","message":"\u001b[0mPOST /api/v1/files \u001b[33m404\u001b[0m 1.347 ms - -\u001b[0m","timestamp":"2026-08-09 14:02:57"}
{"level":"info","message":"MongoDB connected: ac-wp8elny-shard-00-00.vftguqk.mongodb.net","timestamp":"2026-08-09 14:42:01"}
{"level":"info","message":"Server running on http://localhost:5000 [development]","timestamp":"2026-08-09 14:42:01"}
{"level":"info","message":"SIGINT received. Shutting down gracefully...","timestamp":"2026-08-09 14:42:15"}
{"level":"info","message":"MongoDB connected: ac-wp8elny-shard-00-00.vftguqk.mongodb.net","timestamp":"2026-08-09 14:42:22"}
{"level":"info","message":"Server running on http://localhost:5000 [development]","timestamp":"2026-08-09 14:42:22"}
{"level":"warn","message":"MongoDB disconnected","timestamp":"2026-08-09 14:49:23"}
{"level":"info","message":"MongoDB connected: ac-wp8elny-shard-00-00.vftguqk.mongodb.net","timestamp":"2026-08-09 14:51:45"}
{"level":"info","message":"SIGINT received. Shutting down gracefully...","timestamp":"2026-08-09 14:52:03"}
{"level":"info","message":"MongoDB connected: ac-wp8elny-shard-00-02.vftguqk.mongodb.net","timestamp":"2026-08-09 14:52:11"}
{"level":"info","message":"Server running on http://localhost:5000 [development]","timestamp":"2026-08-09 14:52:11"}
{"level":"info","message":"SIGINT received. Shutting down gracefully...","timestamp":"2026-08-09 15:08:34"}
{"level":"info","message":"MongoDB connected: ac-wp8elny-shard-00-00.vftguqk.mongodb.net","timestamp":"2026-08-09 15:09:06"}
{"level":"info","message":"Server running on http://localhost:5000 [development]","timestamp":"2026-08-09 15:09:06"}
{"level":"warn","message":"MongoDB disconnected","timestamp":"2026-08-09 17:16:51"}
{"level":"info","message":"SIGINT received. Shutting down gracefully...","timestamp":"2026-08-09 17:16:58"}
{"level":"info","message":"MongoDB connected: ac-wp8elny-shard-00-00.vftguqk.mongodb.net","timestamp":"2026-08-09 17:17:06"}
{"level":"info","message":"Server running on http://localhost:5000 [development]","timestamp":"2026-08-09 17:17:06"}
{"level":"error","message":"GET / -> 404: Route not found: /","timestamp":"2026-08-09 17:17:10"}
{"level":"http","message":"\u001b[0mGET / \u001b[33m404\u001b[0m 5.130 ms - -\u001b[0m","timestamp":"2026-08-09 17:17:10"}
{"level":"error","message":"GET /favicon.ico -> 404: Route not found: /favicon.ico","timestamp":"2026-08-09 17:17:11"}
{"level":"http","message":"\u001b[0mGET /favicon.ico \u001b[33m404\u001b[0m 2.673 ms - -\u001b[0m","timestamp":"2026-08-09 17:17:11"}
{"level":"info","message":"SIGINT received. Shutting down gracefully...","timestamp":"2026-08-09 17:17:56"}
{"level":"info","message":"MongoDB connected: ac-wp8elny-shard-00-00.vftguqk.mongodb.net","timestamp":"2026-08-09 17:18:01"}
{"level":"info","message":"Server running on http://localhost:5000 [development]","timestamp":"2026-08-09 17:18:01"}
{"level":"error","message":"POST /api/v1/files -> 401: Invalid or expired access token","timestamp":"2026-08-09 17:18:12"}
{"level":"http","message":"\u001b[0mPOST /api/v1/files \u001b[33m401\u001b[0m 8.414 ms - -\u001b[0m","timestamp":"2026-08-09 17:18:12"}
{"level":"http","message":"\u001b[0mPOST /api/v1/auth/login \u001b[32m200\u001b[0m 395.345 ms - 845\u001b[0m","timestamp":"2026-08-09 17:18:22"}
{"level":"error","message":"POST /api/v1/files -> 500: Invalid cloud_name DDdde60gchv","timestamp":"2026-08-09 17:18:44"}
{"level":"http","message":"\u001b[0mPOST /api/v1/files \u001b[31m500\u001b[0m 2997.796 ms - 72\u001b[0m","timestamp":"2026-08-09 17:18:44"}
{"level":"error","message":"POST /api/v1/files -> 500: getaddrinfo ENOTFOUND ac-wp8elny-shard-00-00.vftguqk.mongodb.net","timestamp":"2026-08-09 17:20:27"}
{"level":"http","message":"\u001b[0mPOST /api/v1/files \u001b[31m500\u001b[0m 10011.400 ms - -\u001b[0m","timestamp":"2026-08-09 17:20:27"}
{"level":"warn","message":"MongoDB disconnected","timestamp":"2026-08-10 00:06:23"}
{"level":"error","message":"POST /api/v1/files -> 401: Invalid or expired access token","timestamp":"2026-08-10 00:15:09"}
{"level":"http","message":"\u001b[0mPOST /api/v1/files \u001b[33m401\u001b[0m 0.963 ms - -\u001b[0m","timestamp":"2026-08-10 00:15:09"}
{"level":"http","message":"\u001b[0mPOST /api/v1/auth/login \u001b[32m200\u001b[0m 3236.154 ms - 845\u001b[0m","timestamp":"2026-08-10 00:15:31"}
{"level":"info","message":"SIGINT received. Shutting down gracefully...","timestamp":"2026-08-10 00:15:45"}
{"level":"info","message":"MongoDB connected: ac-wp8elny-shard-00-00.vftguqk.mongodb.net","timestamp":"2026-08-10 00:15:50"}
{"level":"info","message":"Server running on http://localhost:5000 [development]","timestamp":"2026-08-10 00:15:50"}
{"level":"error","message":"POST /api/v1/files -> 500: Invalid cloud_name DDdde60gchv","timestamp":"2026-08-10 00:16:01"}
{"level":"http","message":"\u001b[0mPOST /api/v1/files \u001b[31m500\u001b[0m 2987.926 ms - 72\u001b[0m","timestamp":"2026-08-10 00:16:01"}
{"level":"info","message":"SIGINT received. Shutting down gracefully...","timestamp":"2026-08-10 00:17:26"}
{"level":"info","message":"MongoDB connected: ac-wp8elny-shard-00-00.vftguqk.mongodb.net","timestamp":"2026-08-10 00:17:41"}
{"level":"info","message":"Server running on http://localhost:5000 [development]","timestamp":"2026-08-10 00:17:41"}
{"level":"info","message":"SIGINT received. Shutting down gracefully...","timestamp":"2026-08-10 00:17:55"}
{"level":"info","message":"MongoDB connected: ac-wp8elny-shard-00-02.vftguqk.mongodb.net","timestamp":"2026-08-10 00:18:10"}
{"level":"info","message":"Server running on http://localhost:5000 [development]","timestamp":"2026-08-10 00:18:10"}
{"level":"error","message":"File text extraction failed for 6a78cb762464e6955fa65d3d: pdfParse is not a function","timestamp":"2026-08-10 00:18:23"}
{"level":"http","message":"\u001b[0mPOST /api/v1/files \u001b[32m201\u001b[0m 6157.527 ms - 611\u001b[0m","timestamp":"2026-08-10 00:18:23"}
{"level":"warn","message":"MongoDB disconnected","timestamp":"2026-08-10 00:23:19"}
{"level":"error","message":"MongoDB connection failed: Could not connect to any servers in your MongoDB Atlas cluster. One common reason is that you're trying to access the database from an IP that isn't whitelisted. Make sure your current IP address is on your Atlas cluster's IP whitelist: https://www.mongodb.com/docs/atlas/security-whitelist/","timestamp":"2026-08-10 00:38:38"}
{"level":"error","message":"MongoDB connection failed: querySrv ETIMEOUT _mongodb._tcp.cluster0.vftguqk.mongodb.net","timestamp":"2026-08-10 00:44:54"}
{"level":"error","message":"MongoDB connection failed: Could not connect to any servers in your MongoDB Atlas cluster. One common reason is that you're trying to access the database from an IP that isn't whitelisted. Make sure your current IP address is on your Atlas cluster's IP whitelist: https://www.mongodb.com/docs/atlas/security-whitelist/","timestamp":"2026-08-10 00:45:18"}
{"level":"info","message":"MongoDB connected: ac-wp8elny-shard-00-00.vftguqk.mongodb.net","timestamp":"2026-08-10 00:46:41"}
{"level":"info","message":"Server running on http://localhost:5000 [development]","timestamp":"2026-08-10 00:46:41"}
{"level":"http","message":"\u001b[0mPOST /api/v1/auth/login \u001b[32m200\u001b[0m 234.214 ms - 845\u001b[0m","timestamp":"2026-08-10 00:51:13"}
{"level":"http","message":"\u001b[0mPOST /api/v1/conversations/6a764d0355be98a92999753f/messages \u001b[32m201\u001b[0m 3775.273 ms - -\u001b[0m","timestamp":"2026-08-10 00:51:45"}
{"level":"error","message":"POST /api/v1/files -> 400: No file was uploaded","timestamp":"2026-08-10 00:54:38"}
{"level":"http","message":"\u001b[0mPOST /api/v1/files \u001b[33m400\u001b[0m 146.240 ms - -\u001b[0m","timestamp":"2026-08-10 00:54:38"}
{"level":"error","message":"POST /api/v1/files -> 400: No file was uploaded","timestamp":"2026-08-10 00:54:38"}
{"level":"http","message":"\u001b[0mPOST /api/v1/files \u001b[33m400\u001b[0m 33.884 ms - -\u001b[0m","timestamp":"2026-08-10 00:54:38"}
{"level":"http","message":"\u001b[0mPOST /api/v1/files \u001b[32m201\u001b[0m 4066.345 ms - 624\u001b[0m","timestamp":"2026-08-10 01:00:51"}
{"level":"error","message":"GET /api/v1/files/6a78d56b4ed7d4e15d47637d -> 401: Access token missing. Please log in.","timestamp":"2026-08-10 01:02:36"}
{"level":"http","message":"\u001b[0mGET /api/v1/files/6a78d56b4ed7d4e15d47637d \u001b[33m401\u001b[0m 0.919 ms - -\u001b[0m","timestamp":"2026-08-10 01:02:36"}
{"level":"http","message":"\u001b[0mGET /api/v1/files/6a78d56b4ed7d4e15d47637d \u001b[32m200\u001b[0m 107.861 ms - -\u001b[0m","timestamp":"2026-08-10 01:02:55"}
{"level":"warn","message":"MongoDB disconnected","timestamp":"2026-08-10 01:07:16"}
{"level":"warn","message":"MongoDB disconnected","timestamp":"2026-08-10 11:09:17"}
{"level":"info","message":"MongoDB connected: ac-wp8elny-shard-00-00.vftguqk.mongodb.net","timestamp":"2026-08-10 11:09:39"}
{"level":"info","message":"Server running on http://localhost:5000 [development]","timestamp":"2026-08-10 11:09:39"}
{"level":"info","message":"MongoDB connected: ac-wp8elny-shard-00-00.vftguqk.mongodb.net","timestamp":"2026-08-10 11:09:39"}
{"level":"http","message":"\u001b[0mPOST /api/v1/auth/login \u001b[32m200\u001b[0m 318.244 ms - 845\u001b[0m","timestamp":"2026-08-10 11:11:31"}
{"level":"http","message":"\u001b[0mGET /api/v1/files/6a78d56b4ed7d4e15d47637d \u001b[32m200\u001b[0m 268.141 ms - -\u001b[0m","timestamp":"2026-08-10 11:13:00"}
{"level":"http","message":"\u001b[0mDELETE /api/v1/files/6a78d56b4ed7d4e15d47637d \u001b[32m200\u001b[0m 8481.896 ms - 64\u001b[0m","timestamp":"2026-08-10 11:15:01"}
{"level":"warn","message":"MongoDB disconnected","timestamp":"2026-08-10 11:21:26"}
{"level":"info","message":"MongoDB connected: ac-wp8elny-shard-00-00.vftguqk.mongodb.net","timestamp":"2026-08-10 11:22:28"}
{"level":"info","message":"MongoDB connected: ac-wp8elny-shard-00-00.vftguqk.mongodb.net","timestamp":"2026-08-10 11:24:30"}
{"level":"info","message":"Server running on http://localhost:5000 [development]","timestamp":"2026-08-10 11:24:30"}
{"level":"http","message":"\u001b[0mPOST /api/v1/auth/login \u001b[32m200\u001b[0m 224.011 ms - 845\u001b[0m","timestamp":"2026-08-10 11:26:11"}
{"level":"http","message":"\u001b[0mGET /api/v1/files \u001b[32m200\u001b[0m 68.687 ms - 613\u001b[0m","timestamp":"2026-08-10 11:26:56"}
{"level":"http","message":"\u001b[0mPOST /api/v1/auth/login \u001b[32m200\u001b[0m 233.621 ms - 845\u001b[0m","timestamp":"2026-08-10 11:29:58"}
{"level":"error","message":"DELETE /api/v1/files/6a78d56b4ed7d4e15d47637d -> 404: File not found","timestamp":"2026-08-10 11:30:18"}
{"level":"http","message":"\u001b[0mDELETE /api/v1/files/6a78d56b4ed7d4e15d47637d \u001b[33m404\u001b[0m 1142.552 ms - 624\u001b[0m","timestamp":"2026-08-10 11:30:18"}
{"level":"error","message":"DELETE /api/v1/files/6a74f02f6c281428b3955a6c -> 404: File not found","timestamp":"2026-08-10 11:30:50"}
{"level":"http","message":"\u001b[0mDELETE /api/v1/files/6a74f02f6c281428b3955a6c \u001b[33m404\u001b[0m 1801.014 ms - 624\u001b[0m","timestamp":"2026-08-10 11:30:50"}
{"level":"http","message":"\u001b[0mDELETE /api/v1/files/6a78cb762464e6955fa65d3d \u001b[32m200\u001b[0m 8133.386 ms - 64\u001b[0m","timestamp":"2026-08-10 11:32:07"}
{"level":"info","message":"MongoDB connected: ac-wp8elny-shard-00-00.vftguqk.mongodb.net","timestamp":"2026-08-10 12:18:21"}
{"level":"info","message":"Server running on http://localhost:5000 [development]","timestamp":"2026-08-10 12:18:21"}
{"level":"http","message":"\u001b[0mPOST /api/v1/auth/login \u001b[32m200\u001b[0m 315.541 ms - 845\u001b[0m","timestamp":"2026-08-10 12:18:28"}
{"level":"http","message":"\u001b[0mPOST /api/v1/files \u001b[32m201\u001b[0m 2189.591 ms - 624\u001b[0m","timestamp":"2026-08-10 12:21:44"}
{"level":"info","message":"MongoDB connected: ac-wp8elny-shard-00-00.vftguqk.mongodb.net","timestamp":"2026-08-10 15:34:33"}
{"level":"info","message":"Server running on http://localhost:5000 [development]","timestamp":"2026-08-10 15:34:33"}
{"level":"info","message":"MongoDB connected: ac-wp8elny-shard-00-00.vftguqk.mongodb.net","timestamp":"2026-08-10 15:37:19"}
{"level":"info","message":"Server running on http://localhost:5000 [development]","timestamp":"2026-08-10 15:37:19"}
{"level":"info","message":"MongoDB connected: ac-wp8elny-shard-00-00.vftguqk.mongodb.net","timestamp":"2026-08-10 15:40:30"}
{"level":"info","message":"Server running on http://localhost:5000 [development]","timestamp":"2026-08-10 15:40:30"}
{"level":"info","message":"MongoDB connected: ac-wp8elny-shard-00-00.vftguqk.mongodb.net","timestamp":"2026-08-10 15:40:35"}
{"level":"info","message":"Server running on http://localhost:5000 [development]","timestamp":"2026-08-10 15:40:35"}
{"level":"info","message":"MongoDB connected: ac-wp8elny-shard-00-00.vftguqk.mongodb.net","timestamp":"2026-08-10 16:03:05"}
{"level":"info","message":"Server running on http://localhost:5000 [development]","timestamp":"2026-08-10 16:03:05"}
{"level":"info","message":"SIGINT received. Shutting down gracefully...","timestamp":"2026-08-10 16:03:06"}
{"level":"info","message":"MongoDB connected: ac-wp8elny-shard-00-00.vftguqk.mongodb.net","timestamp":"2026-08-10 16:03:13"}
{"level":"info","message":"Server running on http://localhost:5000 [development]","timestamp":"2026-08-10 16:03:13"}
{"level":"info","message":"MongoDB connected: ac-wp8elny-shard-00-00.vftguqk.mongodb.net","timestamp":"2026-08-10 16:11:47"}
{"level":"info","message":"Server running on http://localhost:5000 [development]","timestamp":"2026-08-10 16:11:47"}
{"level":"info","message":"MongoDB connected: ac-wp8elny-shard-00-00.vftguqk.mongodb.net","timestamp":"2026-08-10 16:11:49"}
{"level":"info","message":"Server running on http://localhost:5000 [development]","timestamp":"2026-08-10 16:11:49"}
{"level":"info","message":"MongoDB connected: ac-wp8elny-shard-00-00.vftguqk.mongodb.net","timestamp":"2026-08-10 16:11:55"}
{"level":"info","message":"Server running on http://localhost:5000 [development]","timestamp":"2026-08-10 16:11:55"}
{"level":"info","message":"MongoDB connected: ac-wp8elny-shard-00-00.vftguqk.mongodb.net","timestamp":"2026-08-10 16:11:58"}
{"level":"info","message":"Server running on http://localhost:5000 [development]","timestamp":"2026-08-10 16:11:58"}
{"level":"info","message":"MongoDB connected: ac-wp8elny-shard-00-00.vftguqk.mongodb.net","timestamp":"2026-08-10 16:12:39"}
{"level":"info","message":"Server running on http://localhost:5000 [development]","timestamp":"2026-08-10 16:12:39"}
{"level":"info","message":"MongoDB connected: ac-wp8elny-shard-00-00.vftguqk.mongodb.net","timestamp":"2026-08-10 16:12:58"}
{"level":"info","message":"Server running on http://localhost:5000 [development]","timestamp":"2026-08-10 16:12:58"}
{"level":"info","message":"MongoDB connected: ac-wp8elny-shard-00-00.vftguqk.mongodb.net","timestamp":"2026-08-10 16:13:14"}
{"level":"info","message":"Server running on http://localhost:5000 [development]","timestamp":"2026-08-10 16:13:14"}
{"level":"info","message":"MongoDB connected: ac-wp8elny-shard-00-00.vftguqk.mongodb.net","timestamp":"2026-08-10 16:13:33"}
{"level":"info","message":"Server running on http://localhost:5000 [development]","timestamp":"2026-08-10 16:13:33"}
{"level":"info","message":"MongoDB connected: ac-wp8elny-shard-00-00.vftguqk.mongodb.net","timestamp":"2026-08-10 17:10:35"}
{"level":"info","message":"Server running on http://localhost:5000 [development]","timestamp":"2026-08-10 17:10:35"}
{"level":"info","message":"MongoDB connected: ac-wp8elny-shard-00-00.vftguqk.mongodb.net","timestamp":"2026-08-10 17:21:33"}
{"level":"info","message":"Server running on http://localhost:5000 [development]","timestamp":"2026-08-10 17:21:33"}
{"level":"info","message":"MongoDB connected: ac-wp8elny-shard-00-00.vftguqk.mongodb.net","timestamp":"2026-08-10 17:26:25"}
{"level":"info","message":"Server running on http://localhost:5000 [development]","timestamp":"2026-08-10 17:26:25"}
{"level":"info","message":"MongoDB connected: ac-wp8elny-shard-00-00.vftguqk.mongodb.net","timestamp":"2026-08-10 17:27:25"}
{"level":"info","message":"Server running on http://localhost:5000 [development]","timestamp":"2026-08-10 17:27:25"}
{"level":"info","message":"SIGINT received. Shutting down gracefully...","timestamp":"2026-08-10 17:27:25"}
{"level":"info","message":"MongoDB connected: ac-wp8elny-shard-00-02.vftguqk.mongodb.net","timestamp":"2026-08-10 17:27:29"}
{"level":"info","message":"Server running on http://localhost:5000 [development]","timestamp":"2026-08-10 17:27:29"}
{"level":"http","message":"\u001b[0mPOST /api/v1/auth/login \u001b[32m200\u001b[0m 230.733 ms - 845\u001b[0m","timestamp":"2026-08-10 17:35:04"}
{"level":"http","message":"\u001b[0mGET /api/v1/users/profile \u001b[32m200\u001b[0m 36.977 ms - 432\u001b[0m","timestamp":"2026-08-10 17:36:09"}
{"level":"http","message":"\u001b[0mPOST /api/v1/auth/login \u001b[32m200\u001b[0m 167.173 ms - 845\u001b[0m","timestamp":"2026-08-10 17:37:29"}
{"level":"http","message":"\u001b[0mPATCH /api/v1/users/profile \u001b[32m200\u001b[0m 61.767 ms - 436\u001b[0m","timestamp":"2026-08-10 17:37:50"}
{"level":"http","message":"\u001b[0mPATCH /api/v1/users/password \u001b[32m200\u001b[0m 284.842 ms - 109\u001b[0m","timestamp":"2026-08-10 17:39:13"}
{"level":"http","message":"\u001b[0mPOST /api/v1/users/avatar \u001b[32m200\u001b[0m 3019.296 ms - 635\u001b[0m","timestamp":"2026-08-10 17:42:21"}
{"level":"http","message":"\u001b[0mPATCH /api/v1/users/settings \u001b[32m200\u001b[0m 52.870 ms - 637\u001b[0m","timestamp":"2026-08-10 17:44:23"}
{"level":"http","message":"\u001b[0mDELETE /api/v1/users/account \u001b[32m200\u001b[0m 210.305 ms - 115\u001b[0m","timestamp":"2026-08-10 17:47:39"}
{"level":"info","message":"SIGINT received. Shutting down gracefully...","timestamp":"2026-08-10 17:49:34"}
{"level":"info","message":"MongoDB connected: ac-wp8elny-shard-00-00.vftguqk.mongodb.net","timestamp":"2026-08-10 17:50:06"}
{"level":"info","message":"Server running on http://localhost:5000 [development]","timestamp":"2026-08-10 17:50:06"}
{"level":"warn","message":"MongoDB disconnected","timestamp":"2026-08-10 17:53:26"}
{"level":"warn","message":"MongoDB disconnected","timestamp":"2026-08-10 18:23:31"}
{"level":"warn","message":"MongoDB disconnected","timestamp":"2026-08-10 18:24:48"}
{"level":"warn","message":"MongoDB disconnected","timestamp":"2026-08-10 20:35:40"}
{"level":"warn","message":"MongoDB disconnected","timestamp":"2026-08-10 20:37:10"}
{"level":"warn","message":"MongoDB disconnected","timestamp":"2026-08-10 20:41:50"}
{"level":"warn","message":"MongoDB disconnected","timestamp":"2026-08-10 20:54:05"}
{"level":"info","message":"SIGINT received. Shutting down gracefully...","timestamp":"2026-08-10 21:43:14"}
{"level":"info","message":"MongoDB connected: ac-wp8elny-shard-00-02.vftguqk.mongodb.net","timestamp":"2026-08-10 21:43:20"}
{"level":"info","message":"Server running on http://localhost:5000 [development]","timestamp":"2026-08-10 21:43:20"}
{"level":"info","message":"SIGINT received. Shutting down gracefully...","timestamp":"2026-08-10 21:43:22"}
{"level":"info","message":"MongoDB connected: ac-wp8elny-shard-00-00.vftguqk.mongodb.net","timestamp":"2026-08-10 21:43:38"}
{"level":"info","message":"Server running on http://localhost:5000 [development]","timestamp":"2026-08-10 21:43:38"}
{"level":"info","message":"MongoDB connected: ac-wp8elny-shard-00-00.vftguqk.mongodb.net","timestamp":"2026-08-10 22:06:53"}
{"level":"info","message":"Server running on http://localhost:5000 [development]","timestamp":"2026-08-10 22:06:53"}
{"level":"warn","message":"MongoDB disconnected","timestamp":"2026-08-10 23:23:59"}
{"level":"error","message":"MongoDB connection failed: querySrv ECONNREFUSED _mongodb._tcp.cluster0.vftguqk.mongodb.net","timestamp":"2026-08-11 09:58:50"}
{"level":"info","message":"MongoDB connected: ac-wp8elny-shard-00-00.vftguqk.mongodb.net","timestamp":"2026-08-11 09:59:53"}
{"level":"info","message":"Server running on http://localhost:5000 [development]","timestamp":"2026-08-11 09:59:53"}
{"level":"info","message":"SIGINT received. Shutting down gracefully...","timestamp":"2026-08-11 10:09:54"}
{"level":"info","message":"MongoDB connected: ac-wp8elny-shard-00-02.vftguqk.mongodb.net","timestamp":"2026-08-11 10:10:03"}
{"level":"info","message":"Server running on http://localhost:5000 [development]","timestamp":"2026-08-11 10:10:03"}
{"level":"error","message":"POST /api/v1/files -> 401: Invalid or expired access token","timestamp":"2026-08-11 10:17:55"}
{"level":"http","message":"\u001b[0mPOST /api/v1/files \u001b[33m401\u001b[0m 8.008 ms - -\u001b[0m","timestamp":"2026-08-11 10:17:55"}
{"level":"error","message":"POST /api/v1/auth/login -> 403: This account has been deactivated","timestamp":"2026-08-11 10:18:04"}
{"level":"http","message":"\u001b[0mPOST /api/v1/auth/login \u001b[33m403\u001b[0m 75.471 ms - 542\u001b[0m","timestamp":"2026-08-11 10:18:04"}
{"level":"info","message":"SIGINT received. Shutting down gracefully...","timestamp":"2026-08-11 10:18:22"}
{"level":"info","message":"MongoDB connected: ac-wp8elny-shard-00-00.vftguqk.mongodb.net","timestamp":"2026-08-11 10:18:26"}
{"level":"info","message":"Server running on http://localhost:5000 [development]","timestamp":"2026-08-11 10:18:26"}
{"level":"error","message":"POST /api/v1/auth/login -> 403: This account has been deactivated","timestamp":"2026-08-11 10:18:32"}
{"level":"http","message":"\u001b[0mPOST /api/v1/auth/login \u001b[33m403\u001b[0m 53.252 ms - 542\u001b[0m","timestamp":"2026-08-11 10:18:32"}
{"level":"info","message":"SIGINT received. Shutting down gracefully...","timestamp":"2026-08-11 10:22:11"}
{"level":"info","message":"MongoDB connected: ac-wp8elny-shard-00-00.vftguqk.mongodb.net","timestamp":"2026-08-11 10:22:15"}
{"level":"info","message":"Server running on http://localhost:5000 [development]","timestamp":"2026-08-11 10:22:15"}
{"level":"http","message":"\u001b[0mPOST /api/v1/auth/login \u001b[32m200\u001b[0m 219.215 ms - 844\u001b[0m","timestamp":"2026-08-11 10:22:54"}
{"level":"error","message":"POST /api/v1/files -> 401: Invalid or expired access token","timestamp":"2026-08-11 10:25:12"}
{"level":"http","message":"\u001b[0mPOST /api/v1/files \u001b[33m401\u001b[0m 4.719 ms - -\u001b[0m","timestamp":"2026-08-11 10:25:12"}
{"level":"error","message":"POST /api/v1/files -> 400: No file was uploaded","timestamp":"2026-08-11 10:26:00"}
{"level":"http","message":"\u001b[0mPOST /api/v1/files \u001b[33m400\u001b[0m 56.484 ms - -\u001b[0m","timestamp":"2026-08-11 10:26:00"}
{"level":"info","message":"MongoDB connected: ac-wp8elny-shard-00-01.vftguqk.mongodb.net","timestamp":"2026-08-11 15:12:05"}
{"level":"info","message":"Server running on http://localhost:5000 [development]","timestamp":"2026-08-11 15:12:05"}
{"level":"http","message":"\u001b[0mPOST /api/v1/auth/login \u001b[32m200\u001b[0m 242.213 ms - 844\u001b[0m","timestamp":"2026-08-11 15:14:35"}
{"level":"error","message":"GET /api/v1/conversations/6a7580fd8a0abea7b0494989/messages -> 404: Conversation not found","timestamp":"2026-08-11 15:14:51"}
{"level":"http","message":"\u001b[0mGET /api/v1/conversations/6a7580fd8a0abea7b0494989/messages \u001b[33m404\u001b[0m 196.918 ms - 668\u001b[0m","timestamp":"2026-08-11 15:14:51"}
{"level":"http","message":"\u001b[0mGET /api/v1/conversations \u001b[32m200\u001b[0m 123.847 ms - 151\u001b[0m","timestamp":"2026-08-11 15:17:35"}
{"level":"http","message":"\u001b[0mPOST /api/v1/conversations \u001b[32m201\u001b[0m 69.839 ms - 430\u001b[0m","timestamp":"2026-08-11 15:19:17"}
{"level":"http","message":"\u001b[0mPOST /api/v1/conversations/6a7af01d51869c00a163c5aa/messages \u001b[32m201\u001b[0m 10419.777 ms - -\u001b[0m","timestamp":"2026-08-11 15:21:57"}
{"level":"error","message":"GET /api/v1/conversations/6a7af0b251869c00a163c5af/messages -> 404: Conversation not found","timestamp":"2026-08-11 15:23:33"}
{"level":"http","message":"\u001b[0mGET /api/v1/conversations/6a7af0b251869c00a163c5af/messages \u001b[33m404\u001b[0m 77.789 ms - 668\u001b[0m","timestamp":"2026-08-11 15:23:33"}
{"level":"http","message":"\u001b[0mGET /api/v1/conversations/6a7af01d51869c00a163c5aa/messages \u001b[32m200\u001b[0m 100.462 ms - -\u001b[0m","timestamp":"2026-08-11 15:24:25"}
{"level":"error","message":"DELETE /api/v1/messages/6a7af01d51869c00a163c5aa/regenerate -> 404: Route not found: /api/v1/messages/6a7af01d51869c00a163c5aa/regenerate","timestamp":"2026-08-11 15:27:05"}
{"level":"http","message":"\u001b[0mDELETE /api/v1/messages/6a7af01d51869c00a163c5aa/regenerate \u001b[33m404\u001b[0m 23.210 ms - -\u001b[0m","timestamp":"2026-08-11 15:27:05"}
{"level":"error","message":"POST /api/v1/messages/6a7af01d51869c00a163c5aa/regenerate -> 404: Message not found","timestamp":"2026-08-11 15:27:19"}
{"level":"http","message":"\u001b[0mPOST /api/v1/messages/6a7af01d51869c00a163c5aa/regenerate \u001b[33m404\u001b[0m 46.281 ms - 528\u001b[0m","timestamp":"2026-08-11 15:27:19"}
{"level":"error","message":"POST /api/v1/messages/6a7af0b251869c00a163c5af/regenerate -> 400: Only AI responses can be regenerated","timestamp":"2026-08-11 15:29:04"}
{"level":"http","message":"\u001b[0mPOST /api/v1/messages/6a7af0b251869c00a163c5af/regenerate \u001b[33m400\u001b[0m 138.635 ms - 568\u001b[0m","timestamp":"2026-08-11 15:29:04"}
{"level":"info","message":"SIGINT received. Shutting down gracefully...","timestamp":"2026-08-11 15:29:33"}
{"level":"info","message":"MongoDB connected: ac-wp8elny-shard-00-00.vftguqk.mongodb.net","timestamp":"2026-08-11 15:29:38"}
{"level":"info","message":"Server running on http://localhost:5000 [development]","timestamp":"2026-08-11 15:29:38"}
{"level":"error","message":"POST /api/v1/messages/6a7af0bd51869c00a163c5b3/regenerate -> 401: Invalid or expired access token","timestamp":"2026-08-11 15:30:10"}
{"level":"http","message":"\u001b[0mPOST /api/v1/messages/6a7af0bd51869c00a163c5b3/regenerate \u001b[33m401\u001b[0m 7.880 ms - -\u001b[0m","timestamp":"2026-08-11 15:30:10"}
{"level":"error","message":"POST /api/v1/messages/6a7af0bd51869c00a163c5b3/regenerate -> 401: Invalid or expired access token","timestamp":"2026-08-11 15:30:41"}
{"level":"http","message":"\u001b[0mPOST /api/v1/messages/6a7af0bd51869c00a163c5b3/regenerate \u001b[33m401\u001b[0m 3.127 ms - -\u001b[0m","timestamp":"2026-08-11 15:30:41"}
{"level":"http","message":"\u001b[0mPOST /api/v1/auth/login \u001b[32m200\u001b[0m 205.359 ms - 844\u001b[0m","timestamp":"2026-08-11 15:30:58"}
{"level":"http","message":"\u001b[0mPOST /api/v1/messages/6a7af0bd51869c00a163c5b3/regenerate \u001b[32m200\u001b[0m 9272.941 ms - -\u001b[0m","timestamp":"2026-08-11 15:31:38"}
{"level":"http","message":"\u001b[0mGET /api/v1/messages/search?q=javascript \u001b[32m200\u001b[0m 117.720 ms - -\u001b[0m","timestamp":"2026-08-11 15:33:19"}
{"level":"info","message":"MongoDB connected: ac-wp8elny-shard-00-00.vftguqk.mongodb.net","timestamp":"2026-08-11 15:35:25"}
{"level":"info","message":"Server running on http://localhost:5000 [development]","timestamp":"2026-08-11 15:35:25"}
{"level":"info","message":"MongoDB connected: ac-wp8elny-shard-00-00.vftguqk.mongodb.net","timestamp":"2026-08-11 15:35:27"}
{"level":"info","message":"Server running on http://localhost:5000 [development]","timestamp":"2026-08-11 15:35:27"}
{"level":"info","message":"MongoDB connected: ac-wp8elny-shard-00-00.vftguqk.mongodb.net","timestamp":"2026-08-11 15:35:34"}
{"level":"info","message":"Server running on http://localhost:5000 [development]","timestamp":"2026-08-11 15:35:34"}
{"level":"info","message":"MongoDB connected: ac-wp8elny-shard-00-00.vftguqk.mongodb.net","timestamp":"2026-08-11 15:36:03"}
{"level":"info","message":"Server running on http://localhost:5000 [development]","timestamp":"2026-08-11 15:36:03"}
{"level":"info","message":"MongoDB connected: ac-wp8elny-shard-00-00.vftguqk.mongodb.net","timestamp":"2026-08-11 15:36:07"}
{"level":"info","message":"Server running on http://localhost:5000 [development]","timestamp":"2026-08-11 15:36:07"}
{"level":"info","message":"MongoDB connected: ac-wp8elny-shard-00-00.vftguqk.mongodb.net","timestamp":"2026-08-11 15:36:33"}
{"level":"info","message":"Server running on http://localhost:5000 [development]","timestamp":"2026-08-11 15:36:33"}
{"level":"info","message":"MongoDB connected: ac-wp8elny-shard-00-00.vftguqk.mongodb.net","timestamp":"2026-08-11 15:36:37"}
{"level":"info","message":"Server running on http://localhost:5000 [development]","timestamp":"2026-08-11 15:36:37"}
{"level":"info","message":"MongoDB connected: ac-wp8elny-shard-00-00.vftguqk.mongodb.net","timestamp":"2026-08-11 15:36:42"}
{"level":"info","message":"Server running on http://localhost:5000 [development]","timestamp":"2026-08-11 15:36:42"}
{"level":"info","message":"MongoDB connected: ac-wp8elny-shard-00-00.vftguqk.mongodb.net","timestamp":"2026-08-11 15:38:07"}
{"level":"info","message":"Server running on http://localhost:5000 [development]","timestamp":"2026-08-11 15:38:07"}
{"level":"info","message":"SIGINT received. Shutting down gracefully...","timestamp":"2026-08-11 15:38:09"}
{"level":"info","message":"MongoDB connected: ac-wp8elny-shard-00-00.vftguqk.mongodb.net","timestamp":"2026-08-11 15:38:13"}
{"level":"info","message":"Server running on http://localhost:5000 [development]","timestamp":"2026-08-11 15:38:13"}
{"level":"info","message":"MongoDB connected: ac-wp8elny-shard-00-00.vftguqk.mongodb.net","timestamp":"2026-08-11 16:00:46"}
{"level":"info","message":"Server running on http://localhost:5000 [development]","timestamp":"2026-08-11 16:00:46"}
{"level":"info","message":"MongoDB connected: ac-wp8elny-shard-00-00.vftguqk.mongodb.net","timestamp":"2026-08-11 16:01:02"}
{"level":"info","message":"Server running on http://localhost:5000 [development]","timestamp":"2026-08-11 16:01:02"}
{"level":"http","message":"\u001b[0mPOST /api/v1/auth/login \u001b[32m200\u001b[0m 212.253 ms - 844\u001b[0m","timestamp":"2026-08-11 16:01:26"}
{"level":"http","message":"\u001b[0mPOST /api/v1/ai/explain-code \u001b[32m200\u001b[0m 6848.288 ms - -\u001b[0m","timestamp":"2026-08-11 16:02:43"}
{"level":"info","message":"MongoDB connected: ac-wp8elny-shard-00-00.vftguqk.mongodb.net","timestamp":"2026-08-11 18:05:29"}
{"level":"info","message":"Server running on http://localhost:5000 [development]","timestamp":"2026-08-11 18:05:29"}
{"level":"http","message":"\u001b[0mPOST /api/v1/auth/login \u001b[32m200\u001b[0m 278.691 ms - 844\u001b[0m","timestamp":"2026-08-11 18:08:24"}
{"level":"http","message":"\u001b[0mPOST /api/v1/ai/summarize \u001b[32m200\u001b[0m 3227.586 ms - 392\u001b[0m","timestamp":"2026-08-11 18:09:14"}
{"level":"http","message":"\u001b[0mPOST /api/v1/auth/login \u001b[32m200\u001b[0m 190.958 ms - 844\u001b[0m","timestamp":"2026-08-11 18:11:00"}
{"level":"http","message":"\u001b[0mPOST /api/v1/ai//translate \u001b[32m200\u001b[0m 4668.225 ms - 246\u001b[0m","timestamp":"2026-08-11 18:11:26"}
{"level":"http","message":"\u001b[0mPOST /api/v1/ai//rewrite \u001b[32m200\u001b[0m 5920.985 ms - 533\u001b[0m","timestamp":"2026-08-11 18:12:36"}
{"level":"http","message":"\u001b[0mPOST /api/v1/ai/fix-grammar \u001b[32m200\u001b[0m 2260.338 ms - 245\u001b[0m","timestamp":"2026-08-11 18:14:07"}
{"level":"http","message":"\u001b[0mPOST /api/v1/ai/custom-prompt \u001b[32m200\u001b[0m 7736.205 ms - 768\u001b[0m","timestamp":"2026-08-11 18:15:39"}
{"level":"info","message":"MongoDB connected: ac-wp8elny-shard-00-02.vftguqk.mongodb.net","timestamp":"2026-08-11 18:21:35"}
{"level":"info","message":"Server running on http://localhost:5000 [development]","timestamp":"2026-08-11 18:21:35"}
{"level":"info","message":"MongoDB connected: ac-wp8elny-shard-00-00.vftguqk.mongodb.net","timestamp":"2026-08-11 18:29:48"}
{"level":"info","message":"Server running on http://localhost:5000 [development]","timestamp":"2026-08-11 18:29:48"}
{"level":"info","message":"MongoDB connected: ac-wp8elny-shard-00-00.vftguqk.mongodb.net","timestamp":"2026-08-11 18:30:01"}
{"level":"info","message":"Server running on http://localhost:5000 [development]","timestamp":"2026-08-11 18:30:01"}
{"level":"info","message":"MongoDB connected: ac-wp8elny-shard-00-00.vftguqk.mongodb.net","timestamp":"2026-08-11 18:30:25"}
{"level":"info","message":"Server running on http://localhost:5000 [development]","timestamp":"2026-08-11 18:30:25"}
{"level":"info","message":"MongoDB connected: ac-wp8elny-shard-00-00.vftguqk.mongodb.net","timestamp":"2026-08-11 18:30:50"}
{"level":"info","message":"Server running on http://localhost:5000 [development]","timestamp":"2026-08-11 18:30:50"}
{"level":"info","message":"MongoDB connected: ac-wp8elny-shard-00-00.vftguqk.mongodb.net","timestamp":"2026-08-11 18:31:19"}
{"level":"info","message":"Server running on http://localhost:5000 [development]","timestamp":"2026-08-11 18:31:19"}
{"level":"info","message":"MongoDB connected: ac-wp8elny-shard-00-00.vftguqk.mongodb.net","timestamp":"2026-08-11 18:33:32"}
{"level":"info","message":"Server running on http://localhost:5000 [development]","timestamp":"2026-08-11 18:33:32"}
{"level":"info","message":"MongoDB connected: ac-wp8elny-shard-00-00.vftguqk.mongodb.net","timestamp":"2026-08-11 18:34:03"}
{"level":"info","message":"MongoDB connected: ac-wp8elny-shard-00-00.vftguqk.mongodb.net","timestamp":"2026-08-11 18:34:05"}
{"level":"info","message":"Server running on http://localhost:5000 [development]","timestamp":"2026-08-11 18:34:05"}
{"level":"info","message":"MongoDB connected: ac-wp8elny-shard-00-00.vftguqk.mongodb.net","timestamp":"2026-08-11 18:50:01"}
{"level":"info","message":"Server running on http://localhost:5000 [development]","timestamp":"2026-08-11 18:50:01"}
{"level":"info","message":"MongoDB connected: ac-wp8elny-shard-00-02.vftguqk.mongodb.net","timestamp":"2026-08-11 18:50:59"}
{"level":"info","message":"Server running on http://localhost:5000 [development]","timestamp":"2026-08-11 18:50:59"}
{"level":"info","message":"MongoDB connected: ac-wp8elny-shard-00-00.vftguqk.mongodb.net","timestamp":"2026-08-11 18:51:11"}
{"level":"info","message":"Server running on http://localhost:5000 [development]","timestamp":"2026-08-11 18:51:11"}
{"level":"http","message":"\u001b[0mPOST /api/v1/auth/login \u001b[32m200\u001b[0m 401.594 ms - 844\u001b[0m","timestamp":"2026-08-11 18:52:51"}
{"level":"http","message":"\u001b[0mGET /api/v1/analytics/summary \u001b[32m200\u001b[0m 964.315 ms - 430\u001b[0m","timestamp":"2026-08-11 18:55:46"}
{"level":"info","message":"MongoDB connected: ac-wp8elny-shard-00-01.vftguqk.mongodb.net","timestamp":"2026-08-11 19:18:15"}
{"level":"info","message":"Server running on http://localhost:5000 [development]","timestamp":"2026-08-11 19:18:15"}
{"level":"warn","message":"MongoDB disconnected","timestamp":"2026-08-11 20:15:32"}
{"level":"info","message":"MongoDB connected: ac-wp8elny-shard-00-01.vftguqk.mongodb.net","timestamp":"2026-08-11 20:55:18"}
{"level":"info","message":"Server running on http://localhost:5000 [development]","timestamp":"2026-08-11 20:55:18"}
{"level":"info","message":"MongoDB connected: ac-wp8elny-shard-00-00.vftguqk.mongodb.net","timestamp":"2026-08-11 20:57:53"}
{"level":"info","message":"Server running on http://localhost:5000 [development]","timestamp":"2026-08-11 20:57:53"}
{"level":"info","message":"MongoDB connected: ac-wp8elny-shard-00-00.vftguqk.mongodb.net","timestamp":"2026-08-11 21:02:57"}
{"level":"info","message":"Server running on http://localhost:5000 [development]","timestamp":"2026-08-11 21:02:57"}
{"level":"info","message":"MongoDB connected: ac-wp8elny-shard-00-00.vftguqk.mongodb.net","timestamp":"2026-08-11 21:03:20"}
{"level":"info","message":"Server running on http://localhost:5000 [development]","timestamp":"2026-08-11 21:03:20"}
{"level":"info","message":"SIGINT received. Shutting down gracefully...","timestamp":"2026-08-11 21:03:37"}
{"level":"info","message":"MongoDB connected: ac-wp8elny-shard-00-00.vftguqk.mongodb.net","timestamp":"2026-08-11 21:38:20"}
{"level":"info","message":"Server running on http://localhost:5000 [development]","timestamp":"2026-08-11 21:38:20"}
{"level":"info","message":"SIGINT received. Shutting down gracefully...","timestamp":"2026-08-11 21:38:29"}
{"level":"info","message":"MongoDB connected: ac-wp8elny-shard-00-00.vftguqk.mongodb.net","timestamp":"2026-08-11 21:38:36"}
{"level":"info","message":"Server running on http://localhost:5000 [development]","timestamp":"2026-08-11 21:38:36"}
{"level":"info","message":"SIGINT received. Shutting down gracefully...","timestamp":"2026-08-11 21:54:31"}
{"level":"info","message":"MongoDB connected: ac-wp8elny-shard-00-00.vftguqk.mongodb.net","timestamp":"2026-08-11 21:54:37"}
{"level":"info","message":"Server running on http://localhost:5000 [development]","timestamp":"2026-08-11 21:54:37"}
{"level":"error","message":"GET /socket.io/?EIO=4&transport=websocket -> 404: Route not found: /socket.io/?EIO=4&transport=websocket","timestamp":"2026-08-11 22:05:50"}
{"level":"http","message":"\u001b[0mGET /socket.io/?EIO=4&transport=websocket \u001b[33m404\u001b[0m 3.353 ms - 1429\u001b[0m","timestamp":"2026-08-11 22:05:50"}
{"level":"info","message":"SIGINT received. Shutting down gracefully...","timestamp":"2026-08-11 22:06:52"}
{"level":"info","message":"MongoDB connected: ac-wp8elny-shard-00-00.vftguqk.mongodb.net","timestamp":"2026-08-11 22:06:55"}
{"level":"info","message":"Server running on http://localhost:5000 [development]","timestamp":"2026-08-11 22:06:55"}
{"level":"info","message":"MongoDB connected: ac-wp8elny-shard-00-01.vftguqk.mongodb.net","timestamp":"2026-08-11 22:10:49"}
{"level":"info","message":"Server running on http://localhost:5000 [development]","timestamp":"2026-08-11 22:10:49"}
{"level":"info","message":"MongoDB connected: ac-wp8elny-shard-00-00.vftguqk.mongodb.net","timestamp":"2026-08-11 22:11:13"}
{"level":"info","message":"Server running on http://localhost:5000 [development]","timestamp":"2026-08-11 22:11:13"}
{"level":"info","message":"SIGINT received. Shutting down gracefully...","timestamp":"2026-08-11 22:12:05"}
{"level":"info","message":"MongoDB connected: ac-wp8elny-shard-00-00.vftguqk.mongodb.net","timestamp":"2026-08-11 22:12:11"}
{"level":"info","message":"Server running on http://localhost:5000 [development]","timestamp":"2026-08-11 22:12:11"}
{"level":"http","message":"\u001b[0mPOST /api/v1/auth/login \u001b[32m200\u001b[0m 173.479 ms - 844\u001b[0m","timestamp":"2026-08-11 22:20:05"}
{"level":"http","message":"\u001b[0mPOST /api/v1/auth/login \u001b[32m200\u001b[0m 528.201 ms - 844\u001b[0m","timestamp":"2026-08-11 22:36:22"}
{"level":"info","message":"SIGINT received. Shutting down gracefully...","timestamp":"2026-08-11 22:49:15"}
{"level":"info","message":"MongoDB connected: ac-wp8elny-shard-00-01.vftguqk.mongodb.net","timestamp":"2026-08-11 22:49:20"}
{"level":"info","message":"Server running on http://localhost:5000 [development]","timestamp":"2026-08-11 22:49:20"}
{"level":"info","message":"SIGINT received. Shutting down gracefully...","timestamp":"2026-08-11 22:49:36"}
{"level":"info","message":"MongoDB connected: ac-wp8elny-shard-00-00.vftguqk.mongodb.net","timestamp":"2026-08-11 22:49:40"}
{"level":"info","message":"Server running on http://localhost:5000 [development]","timestamp":"2026-08-11 22:49:40"}
{"level":"http","message":"\u001b[0mPOST /api/v1/auth/login \u001b[32m200\u001b[0m 331.045 ms - 844\u001b[0m","timestamp":"2026-08-11 22:52:25"}
{"level":"info","message":"Socket connected: MfrMG8erEJR0lK3cAAAF (user: 6a74ee886c281428b3955a66)","timestamp":"2026-08-11 22:57:48"}
{"level":"info","message":"Socket disconnected: MfrMG8erEJR0lK3cAAAF","timestamp":"2026-08-11 23:31:42"}
{"level":"error","message":"GET /api/v1/conversations -> 401: Invalid or expired access token","timestamp":"2026-08-11 23:35:33"}
{"level":"http","message":"\u001b[0mGET /api/v1/conversations \u001b[33m401\u001b[0m 4.652 ms - -\u001b[0m","timestamp":"2026-08-11 23:35:33"}
{"level":"http","message":"\u001b[0mPOST /api/v1/auth/login \u001b[32m200\u001b[0m 558.935 ms - 844\u001b[0m","timestamp":"2026-08-11 23:35:40"}
{"level":"http","message":"\u001b[0mGET /api/v1/conversations \u001b[32m200\u001b[0m 367.180 ms - 494\u001b[0m","timestamp":"2026-08-11 23:35:54"}
{"level":"info","message":"Socket connected: Q87k9rlafYqXtKWoAAAH (user: 6a74ee886c281428b3955a66)","timestamp":"2026-08-11 23:38:54"}
{"level":"info","message":"MongoDB connected: ac-wp8elny-shard-00-01.vftguqk.mongodb.net","timestamp":"2026-08-11 23:44:26"}
{"level":"info","message":"Socket.IO initialized successfully","timestamp":"2026-08-11 23:44:26"}
{"level":"info","message":"Server running on http://localhost:5000 [development]","timestamp":"2026-08-11 23:44:26"}
{"level":"info","message":"Socket authentication successful for user: 6a74ee886c281428b3955a66","timestamp":"2026-08-11 23:45:30"}
{"level":"info","message":"Socket connected: iksu0C-4afM-TOnAAAAB (user: 6a74ee886c281428b3955a66)","timestamp":"2026-08-11 23:45:30"}
{"level":"info","message":"Socket authentication successful for user: 6a74ee886c281428b3955a66","timestamp":"2026-08-11 23:45:50"}
{"level":"info","message":"Socket connected: vMLUCTXeL6i2_pyRAAAD (user: 6a74ee886c281428b3955a66)","timestamp":"2026-08-11 23:45:50"}
{"level":"info","message":"MongoDB connected: ac-wp8elny-shard-00-01.vftguqk.mongodb.net","timestamp":"2026-08-11 23:49:09"}
{"level":"info","message":"Socket.IO initialized successfully","timestamp":"2026-08-11 23:49:09"}
{"level":"info","message":"Server running on http://localhost:5000 [development]","timestamp":"2026-08-11 23:49:09"}
{"level":"info","message":"Socket authentication successful for user: 6a74ee886c281428b3955a66","timestamp":"2026-08-11 23:49:10"}
{"level":"info","message":"Socket connected: RiOw92IGH_m4kOE9AAAB (user: 6a74ee886c281428b3955a66)","timestamp":"2026-08-11 23:49:10"}
{"level":"info","message":"Socket RiOw92IGH_m4kOE9AAAB joined conversation:6a7af01d51869c00a163c5aa","timestamp":"2026-08-11 23:49:13"}
{"level":"info","message":"SIGINT received. Shutting down gracefully...","timestamp":"2026-08-11 23:49:21"}
{"level":"info","message":"MongoDB connected: ac-wp8elny-shard-00-00.vftguqk.mongodb.net","timestamp":"2026-08-11 23:49:25"}
{"level":"info","message":"Socket.IO initialized successfully","timestamp":"2026-08-11 23:49:25"}
{"level":"info","message":"Server running on http://localhost:5000 [development]","timestamp":"2026-08-11 23:49:25"}
{"level":"info","message":"MongoDB connected: ac-wp8elny-shard-00-00.vftguqk.mongodb.net","timestamp":"2026-08-11 23:49:41"}
{"level":"info","message":"Socket.IO initialized successfully","timestamp":"2026-08-11 23:49:41"}
{"level":"info","message":"Server running on http://localhost:5000 [development]","timestamp":"2026-08-11 23:49:41"}
{"level":"info","message":"Socket authentication successful for user: 6a74ee886c281428b3955a66","timestamp":"2026-08-11 23:50:15"}
{"level":"info","message":"Socket connected: dds-lPrbMbn4HaftAAAB (user: 6a74ee886c281428b3955a66)","timestamp":"2026-08-11 23:50:15"}
{"level":"info","message":"Socket dds-lPrbMbn4HaftAAAB joined conversation:6a7af01d51869c00a163c5aa","timestamp":"2026-08-11 23:50:55"}
{"level":"info","message":"Socket dds-lPrbMbn4HaftAAAB joined conversation:6a7af01d51869c00a163c5aa","timestamp":"2026-08-11 23:51:01"}
{"level":"info","message":"Socket dds-lPrbMbn4HaftAAAB joined conversation:6a7af01d51869c00a163c5aa","timestamp":"2026-08-11 23:53:56"}
{"level":"info","message":"Socket disconnected: dds-lPrbMbn4HaftAAAB (user: 6a74ee886c281428b3955a66) reason: transport close","timestamp":"2026-08-12 00:02:43"}
{"level":"warn","message":"MongoDB disconnected","timestamp":"2026-08-12 00:02:53"}
{"level":"warn","message":"MongoDB disconnected","timestamp":"2026-08-12 12:17:33"}
{"level":"warn","message":"MongoDB disconnected","timestamp":"2026-08-12 13:10:22"}
{"level":"info","message":"SIGINT received. Shutting down gracefully...","timestamp":"2026-08-12 13:14:22"}
{"level":"info","message":"MongoDB connected: ac-wp8elny-shard-00-01.vftguqk.mongodb.net","timestamp":"2026-08-12 13:14:56"}
{"level":"info","message":"Socket.IO initialized successfully","timestamp":"2026-08-12 13:14:56"}
{"level":"info","message":"Server running on http://localhost:5000 [development]","timestamp":"2026-08-12 13:14:56"}
{"level":"error","message":"Socket authentication error: jwt expired","timestamp":"2026-08-12 13:16:45"}
{"level":"http","message":"\u001b[0mPOST /api/v1/auth/login \u001b[32m200\u001b[0m 166.751 ms - 844\u001b[0m","timestamp":"2026-08-12 13:16:57"}
{"level":"info","message":"Socket authentication successful for user: 6a74ee886c281428b3955a66","timestamp":"2026-08-12 13:17:22"}
{"level":"info","message":"Socket connected: BuSISOyyOMoMZT99AAAD (user: 6a74ee886c281428b3955a66)","timestamp":"2026-08-12 13:17:22"}
{"level":"info","message":"Socket BuSISOyyOMoMZT99AAAD joined conversation:6a7af01d51869c00a163c5aa","timestamp":"2026-08-12 13:18:17"}
{"level":"info","message":"Socket BuSISOyyOMoMZT99AAAD joined conversation:6a7af01d51869c00a163c5aa","timestamp":"2026-08-12 13:23:31"}
{"level":"error","message":"Streaming AI generation failed: aiService.generateAIResponseStream is not a function","timestamp":"2026-08-12 13:42:59"}
{"level":"error","message":"Streaming AI generation failed: aiService.generateAIResponseStream is not a function","timestamp":"2026-08-12 13:47:59"}
{"level":"error","message":"Streaming AI generation failed: aiService.generateAIResponseStream is not a function","timestamp":"2026-08-12 13:50:17"}
{"level":"error","message":"Streaming AI generation failed: aiService.generateAIResponseStream is not a function","timestamp":"2026-08-12 13:52:43"}
{"level":"error","message":"Streaming AI generation failed: aiService.generateAIResponseStream is not a function","timestamp":"2026-08-12 13:56:13"}
{"level":"info","message":"Socket disconnected: BuSISOyyOMoMZT99AAAD (user: 6a74ee886c281428b3955a66) reason: transport error","timestamp":"2026-08-12 14:48:12"}
{"level":"warn","message":"MongoDB disconnected","timestamp":"2026-08-12 14:48:22"}
{"level":"info","message":"SIGINT received. Shutting down gracefully...","timestamp":"2026-08-12 14:51:52"}
{"level":"info","message":"MongoDB connected: ac-wp8elny-shard-00-00.vftguqk.mongodb.net","timestamp":"2026-08-12 14:52:54"}
{"level":"info","message":"Socket.IO initialized successfully","timestamp":"2026-08-12 14:52:54"}
{"level":"info","message":"Server running on http://localhost:5000 [development]","timestamp":"2026-08-12 14:52:54"}
{"level":"error","message":"Socket authentication error: jwt expired","timestamp":"2026-08-12 14:53:01"}
{"level":"http","message":"\u001b[0mPOST /api/v1/auth/login \u001b[32m200\u001b[0m 178.245 ms - 844\u001b[0m","timestamp":"2026-08-12 14:53:15"}
{"level":"info","message":"Socket authentication successful for user: 6a74ee886c281428b3955a66","timestamp":"2026-08-12 14:53:34"}
{"level":"info","message":"Socket connected: T36333jBQoA7EJLRAAAD (user: 6a74ee886c281428b3955a66)","timestamp":"2026-08-12 14:53:34"}
{"level":"error","message":"Streaming AI generation failed: aiService.generateAIResponseStream is not a function","timestamp":"2026-08-12 14:53:49"}
{"level":"info","message":"MongoDB connected: ac-wp8elny-shard-00-01.vftguqk.mongodb.net","timestamp":"2026-08-12 14:55:57"}
{"level":"info","message":"Socket.IO initialized successfully","timestamp":"2026-08-12 14:55:57"}
{"level":"info","message":"Server running on http://localhost:5000 [development]","timestamp":"2026-08-12 14:55:57"}
{"level":"info","message":"MongoDB connected: ac-wp8elny-shard-00-00.vftguqk.mongodb.net","timestamp":"2026-08-12 14:57:19"}
{"level":"info","message":"Socket.IO initialized successfully","timestamp":"2026-08-12 14:57:19"}
{"level":"info","message":"Server running on http://localhost:5000 [development]","timestamp":"2026-08-12 14:57:19"}
{"level":"info","message":"MongoDB connected: ac-wp8elny-shard-00-02.vftguqk.mongodb.net","timestamp":"2026-08-12 14:59:18"}
{"level":"info","message":"Socket.IO initialized successfully","timestamp":"2026-08-12 14:59:18"}
{"level":"info","message":"Server running on http://localhost:5000 [development]","timestamp":"2026-08-12 14:59:18"}
{"level":"info","message":"MongoDB connected: ac-wp8elny-shard-00-00.vftguqk.mongodb.net","timestamp":"2026-08-12 14:59:24"}
{"level":"info","message":"Socket.IO initialized successfully","timestamp":"2026-08-12 14:59:24"}
{"level":"info","message":"Server running on http://localhost:5000 [development]","timestamp":"2026-08-12 14:59:24"}
{"level":"info","message":"MongoDB connected: ac-wp8elny-shard-00-00.vftguqk.mongodb.net","timestamp":"2026-08-12 14:59:41"}
{"level":"info","message":"Socket.IO initialized successfully","timestamp":"2026-08-12 14:59:41"}
{"level":"info","message":"Server running on http://localhost:5000 [development]","timestamp":"2026-08-12 14:59:41"}
{"level":"info","message":"MongoDB connected: ac-wp8elny-shard-00-00.vftguqk.mongodb.net","timestamp":"2026-08-12 15:02:22"}
{"level":"info","message":"Socket.IO initialized successfully","timestamp":"2026-08-12 15:02:22"}
{"level":"info","message":"Server running on http://localhost:5000 [development]","timestamp":"2026-08-12 15:02:22"}
{"level":"info","message":"MongoDB connected: ac-wp8elny-shard-00-01.vftguqk.mongodb.net","timestamp":"2026-08-12 15:04:55"}
{"level":"info","message":"Socket.IO initialized successfully","timestamp":"2026-08-12 15:04:55"}
{"level":"info","message":"Server running on http://localhost:5000 [development]","timestamp":"2026-08-12 15:04:55"}
{"level":"info","message":"MongoDB connected: ac-wp8elny-shard-00-01.vftguqk.mongodb.net","timestamp":"2026-08-12 15:17:09"}
{"level":"info","message":"Socket.IO initialized successfully","timestamp":"2026-08-12 15:17:09"}
{"level":"info","message":"Server running on http://localhost:5000 [development]","timestamp":"2026-08-12 15:17:09"}
{"level":"info","message":"MongoDB connected: ac-wp8elny-shard-00-00.vftguqk.mongodb.net","timestamp":"2026-08-12 15:17:31"}
{"level":"info","message":"Socket.IO initialized successfully","timestamp":"2026-08-12 15:17:31"}
{"level":"info","message":"Server running on http://localhost:5000 [development]","timestamp":"2026-08-12 15:17:31"}
{"level":"info","message":"SIGINT received. Shutting down gracefully...","timestamp":"2026-08-12 15:17:43"}
{"level":"info","message":"MongoDB connected: ac-wp8elny-shard-00-00.vftguqk.mongodb.net","timestamp":"2026-08-12 15:17:54"}
{"level":"info","message":"Socket.IO initialized successfully","timestamp":"2026-08-12 15:17:54"}
{"level":"info","message":"Server running on http://localhost:5000 [development]","timestamp":"2026-08-12 15:17:54"}
{"level":"error","message":"Socket authentication error: jwt expired","timestamp":"2026-08-12 15:28:22"}
{"level":"http","message":"\u001b[0mPOST /api/v1/auth/login \u001b[32m200\u001b[0m 215.307 ms - 844\u001b[0m","timestamp":"2026-08-12 15:28:32"}
{"level":"info","message":"Socket authentication successful for user: 6a74ee886c281428b3955a66","timestamp":"2026-08-12 15:28:58"}
{"level":"info","message":"Socket connected: 3uXotua_4JgcvcHcAAAD (user: 6a74ee886c281428b3955a66)","timestamp":"2026-08-12 15:28:58"}
{"level":"info","message":"AI chunk received for conversation 6a7af01d51869c00a163c5aa","timestamp":"2026-08-12 15:30:09"}
{"level":"info","message":"AI chunk received for conversation 6a7af01d51869c00a163c5aa","timestamp":"2026-08-12 15:30:09"}
{"level":"info","message":"AI chunk received for conversation 6a7af01d51869c00a163c5aa","timestamp":"2026-08-12 15:30:09"}
{"level":"info","message":"AI chunk received for conversation 6a7af01d51869c00a163c5aa","timestamp":"2026-08-12 15:30:09"}
{"level":"info","message":"AI chunk received for conversation 6a7af01d51869c00a163c5aa","timestamp":"2026-08-12 15:31:52"}
{"level":"info","message":"AI chunk received for conversation 6a7af01d51869c00a163c5aa","timestamp":"2026-08-12 15:31:52"}
{"level":"info","message":"AI chunk received for conversation 6a7af01d51869c00a163c5aa","timestamp":"2026-08-12 15:31:52"}
{"level":"info","message":"AI chunk received for conversation 6a7af01d51869c00a163c5aa","timestamp":"2026-08-12 15:31:52"}
{"level":"info","message":"AI chunk received for conversation 6a7af01d51869c00a163c5aa","timestamp":"2026-08-12 15:31:52"}
{"level":"info","message":"AI chunk received for conversation 6a7af01d51869c00a163c5aa","timestamp":"2026-08-12 15:31:52"}
{"level":"info","message":"AI chunk received for conversation 6a7af01d51869c00a163c5aa","timestamp":"2026-08-12 15:31:53"}
{"level":"info","message":"AI chunk received for conversation 6a7af01d51869c00a163c5aa","timestamp":"2026-08-12 15:31:53"}
{"level":"info","message":"AI chunk received for conversation 6a7af01d51869c00a163c5aa","timestamp":"2026-08-12 15:31:53"}
{"level":"info","message":"AI chunk received for conversation 6a7af01d51869c00a163c5aa","timestamp":"2026-08-12 15:31:53"}
{"level":"info","message":"AI chunk received for conversation 6a7af01d51869c00a163c5aa","timestamp":"2026-08-12 15:31:53"}
{"level":"info","message":"AI chunk received for conversation 6a7af01d51869c00a163c5aa","timestamp":"2026-08-12 15:31:53"}
{"level":"info","message":"AI chunk received for conversation 6a7af01d51869c00a163c5aa","timestamp":"2026-08-12 15:31:54"}
{"level":"info","message":"AI chunk received for conversation 6a7af01d51869c00a163c5aa","timestamp":"2026-08-12 15:31:54"}
{"level":"info","message":"AI chunk received for conversation 6a7af01d51869c00a163c5aa","timestamp":"2026-08-12 15:31:54"}
{"level":"info","message":"AI chunk received for conversation 6a7af01d51869c00a163c5aa","timestamp":"2026-08-12 15:31:54"}
{"level":"info","message":"AI chunk received for conversation 6a7af01d51869c00a163c5aa","timestamp":"2026-08-12 15:31:54"}
{"level":"info","message":"AI chunk received for conversation 6a7af01d51869c00a163c5aa","timestamp":"2026-08-12 15:31:54"}
{"level":"info","message":"AI chunk received for conversation 6a7af01d51869c00a163c5aa","timestamp":"2026-08-12 15:31:54"}
{"level":"info","message":"AI chunk received for conversation 6a7af01d51869c00a163c5aa","timestamp":"2026-08-12 15:31:54"}
{"level":"info","message":"AI chunk received for conversation 6a7af01d51869c00a163c5aa","timestamp":"2026-08-12 15:31:55"}
{"level":"info","message":"AI chunk received for conversation 6a7af01d51869c00a163c5aa","timestamp":"2026-08-12 15:31:55"}
{"level":"info","message":"AI chunk received for conversation 6a7af01d51869c00a163c5aa","timestamp":"2026-08-12 15:31:55"}
{"level":"info","message":"AI chunk received for conversation 6a7af01d51869c00a163c5aa","timestamp":"2026-08-12 15:31:55"}
{"level":"info","message":"AI chunk received for conversation 6a7af01d51869c00a163c5aa","timestamp":"2026-08-12 15:31:55"}
{"level":"info","message":"AI chunk received for conversation 6a7af01d51869c00a163c5aa","timestamp":"2026-08-12 15:31:55"}
{"level":"info","message":"AI chunk received for conversation 6a7af01d51869c00a163c5aa","timestamp":"2026-08-12 15:31:55"}
{"level":"info","message":"AI chunk received for conversation 6a7af01d51869c00a163c5aa","timestamp":"2026-08-12 15:31:56"}
{"level":"info","message":"AI chunk received for conversation 6a7af01d51869c00a163c5aa","timestamp":"2026-08-12 15:31:56"}
{"level":"info","message":"AI chunk received for conversation 6a7af01d51869c00a163c5aa","timestamp":"2026-08-12 15:31:56"}
{"level":"info","message":"AI chunk received for conversation 6a7af01d51869c00a163c5aa","timestamp":"2026-08-12 15:31:56"}
{"level":"info","message":"AI chunk received for conversation 6a7af01d51869c00a163c5aa","timestamp":"2026-08-12 15:31:56"}
{"level":"info","message":"AI chunk received for conversation 6a7af01d51869c00a163c5aa","timestamp":"2026-08-12 15:31:56"}
{"level":"info","message":"AI chunk received for conversation 6a7af01d51869c00a163c5aa","timestamp":"2026-08-12 15:31:57"}
{"level":"info","message":"AI chunk received for conversation 6a7af01d51869c00a163c5aa","timestamp":"2026-08-12 15:31:57"}
{"level":"info","message":"AI chunk received for conversation 6a7af01d51869c00a163c5aa","timestamp":"2026-08-12 15:31:57"}
{"level":"info","message":"AI chunk received for conversation 6a7af01d51869c00a163c5aa","timestamp":"2026-08-12 15:31:57"}
{"level":"info","message":"AI chunk received for conversation 6a7af01d51869c00a163c5aa","timestamp":"2026-08-12 15:31:57"}
{"level":"info","message":"AI chunk received for conversation 6a7af01d51869c00a163c5aa","timestamp":"2026-08-12 15:31:57"}
{"level":"info","message":"AI chunk received for conversation 6a7af01d51869c00a163c5aa","timestamp":"2026-08-12 15:31:57"}
{"level":"info","message":"AI chunk received for conversation 6a7af01d51869c00a163c5aa","timestamp":"2026-08-12 15:31:57"}
{"level":"info","message":"AI chunk received for conversation 6a7af01d51869c00a163c5aa","timestamp":"2026-08-12 15:31:58"}
{"level":"info","message":"AI chunk received for conversation 6a7af01d51869c00a163c5aa","timestamp":"2026-08-12 15:31:58"}
{"level":"info","message":"AI chunk received for conversation 6a7af01d51869c00a163c5aa","timestamp":"2026-08-12 15:31:58"}
{"level":"info","message":"AI chunk received for conversation 6a7af01d51869c00a163c5aa","timestamp":"2026-08-12 15:31:58"}
{"level":"info","message":"AI chunk received for conversation 6a7af01d51869c00a163c5aa","timestamp":"2026-08-12 15:31:58"}
{"level":"info","message":"AI chunk received for conversation 6a7af01d51869c00a163c5aa","timestamp":"2026-08-12 15:31:58"}
{"level":"info","message":"AI chunk received for conversation 6a7af01d51869c00a163c5aa","timestamp":"2026-08-12 15:31:59"}
{"level":"info","message":"AI chunk received for conversation 6a7af01d51869c00a163c5aa","timestamp":"2026-08-12 15:31:59"}
{"level":"info","message":"AI chunk received for conversation 6a7af01d51869c00a163c5aa","timestamp":"2026-08-12 15:31:59"}
{"level":"info","message":"AI chunk received for conversation 6a7af01d51869c00a163c5aa","timestamp":"2026-08-12 15:31:59"}
{"level":"info","message":"AI chunk received for conversation 6a7af01d51869c00a163c5aa","timestamp":"2026-08-12 15:31:59"}
{"level":"info","message":"AI chunk received for conversation 6a7af01d51869c00a163c5aa","timestamp":"2026-08-12 15:31:59"}
{"level":"info","message":"AI chunk received for conversation 6a7af01d51869c00a163c5aa","timestamp":"2026-08-12 15:31:59"}
{"level":"info","message":"AI chunk received for conversation 6a7af01d51869c00a163c5aa","timestamp":"2026-08-12 15:32:00"}
{"level":"info","message":"AI chunk received for conversation 6a7af01d51869c00a163c5aa","timestamp":"2026-08-12 15:32:00"}
{"level":"info","message":"AI chunk received for conversation 6a7af01d51869c00a163c5aa","timestamp":"2026-08-12 15:32:00"}
{"level":"info","message":"AI chunk received for conversation 6a7af01d51869c00a163c5aa","timestamp":"2026-08-12 15:32:00"}
{"level":"info","message":"AI chunk received for conversation 6a7af01d51869c00a163c5aa","timestamp":"2026-08-12 15:32:00"}
{"level":"info","message":"AI chunk received for conversation 6a7af01d51869c00a163c5aa","timestamp":"2026-08-12 15:32:00"}
{"level":"info","message":"AI chunk received for conversation 6a7af01d51869c00a163c5aa","timestamp":"2026-08-12 15:32:00"}
{"level":"info","message":"AI chunk received for conversation 6a7af01d51869c00a163c5aa","timestamp":"2026-08-12 15:32:00"}
{"level":"info","message":"AI chunk received for conversation 6a7af01d51869c00a163c5aa","timestamp":"2026-08-12 15:32:01"}
{"level":"info","message":"AI chunk received for conversation 6a7af01d51869c00a163c5aa","timestamp":"2026-08-12 15:32:01"}
{"level":"info","message":"AI chunk received for conversation 6a7af01d51869c00a163c5aa","timestamp":"2026-08-12 15:32:01"}
{"level":"info","message":"AI chunk received for conversation 6a7af01d51869c00a163c5aa","timestamp":"2026-08-12 15:32:01"}
{"level":"info","message":"AI chunk received for conversation 6a7af01d51869c00a163c5aa","timestamp":"2026-08-12 15:32:01"}
{"level":"info","message":"AI chunk received for conversation 6a7af01d51869c00a163c5aa","timestamp":"2026-08-12 15:32:01"}
{"level":"info","message":"AI chunk received for conversation 6a7af01d51869c00a163c5aa","timestamp":"2026-08-12 15:32:02"}
{"level":"info","message":"AI chunk received for conversation 6a7af01d51869c00a163c5aa","timestamp":"2026-08-12 15:32:02"}
{"level":"info","message":"AI chunk received for conversation 6a7af01d51869c00a163c5aa","timestamp":"2026-08-12 15:32:02"}
{"level":"info","message":"AI chunk received for conversation 6a7af01d51869c00a163c5aa","timestamp":"2026-08-12 15:32:02"}
{"level":"info","message":"AI chunk received for conversation 6a7af01d51869c00a163c5aa","timestamp":"2026-08-12 15:32:02"}
{"level":"info","message":"AI chunk received for conversation 6a7af01d51869c00a163c5aa","timestamp":"2026-08-12 15:32:02"}
{"level":"info","message":"AI chunk received for conversation 6a7af01d51869c00a163c5aa","timestamp":"2026-08-12 15:32:03"}
{"level":"info","message":"AI chunk received for conversation 6a7af01d51869c00a163c5aa","timestamp":"2026-08-12 15:32:03"}
{"level":"info","message":"AI chunk received for conversation 6a7af01d51869c00a163c5aa","timestamp":"2026-08-12 15:32:03"}
{"level":"info","message":"AI chunk received for conversation 6a7af01d51869c00a163c5aa","timestamp":"2026-08-12 15:32:03"}
{"level":"info","message":"AI chunk received for conversation 6a7af01d51869c00a163c5aa","timestamp":"2026-08-12 15:32:03"}
{"level":"info","message":"AI chunk received for conversation 6a7af01d51869c00a163c5aa","timestamp":"2026-08-12 15:32:03"}
{"level":"info","message":"AI chunk received for conversation 6a7af01d51869c00a163c5aa","timestamp":"2026-08-12 15:32:03"}
{"level":"info","message":"AI chunk received for conversation 6a7af01d51869c00a163c5aa","timestamp":"2026-08-12 15:32:04"}
{"level":"info","message":"AI chunk received for conversation 6a7af01d51869c00a163c5aa","timestamp":"2026-08-12 15:32:04"}
{"level":"info","message":"AI chunk received for conversation 6a7af01d51869c00a163c5aa","timestamp":"2026-08-12 15:32:04"}
{"level":"info","message":"AI chunk received for conversation 6a7af01d51869c00a163c5aa","timestamp":"2026-08-12 15:32:04"}
{"level":"info","message":"AI chunk received for conversation 6a7af01d51869c00a163c5aa","timestamp":"2026-08-12 15:32:04"}
{"level":"info","message":"AI chunk received for conversation 6a7af01d51869c00a163c5aa","timestamp":"2026-08-12 15:32:04"}
{"level":"info","message":"AI chunk received for conversation 6a7af01d51869c00a163c5aa","timestamp":"2026-08-12 15:32:04"}
{"level":"info","message":"AI chunk received for conversation 6a7af01d51869c00a163c5aa","timestamp":"2026-08-12 15:32:05"}
{"level":"info","message":"AI chunk received for conversation 6a7af01d51869c00a163c5aa","timestamp":"2026-08-12 15:32:05"}
{"level":"info","message":"AI chunk received for conversation 6a7af01d51869c00a163c5aa","timestamp":"2026-08-12 15:32:05"}
{"level":"info","message":"AI chunk received for conversation 6a7af01d51869c00a163c5aa","timestamp":"2026-08-12 15:32:05"}
{"level":"info","message":"AI chunk received for conversation 6a7af01d51869c00a163c5aa","timestamp":"2026-08-12 15:32:05"}
{"level":"info","message":"AI chunk received for conversation 6a7af01d51869c00a163c5aa","timestamp":"2026-08-12 15:32:05"}
{"level":"info","message":"AI chunk received for conversation 6a7af01d51869c00a163c5aa","timestamp":"2026-08-12 15:32:05"}
{"level":"info","message":"AI chunk received for conversation 6a7af01d51869c00a163c5aa","timestamp":"2026-08-12 15:32:05"}
{"level":"info","message":"AI chunk received for conversation 6a7af01d51869c00a163c5aa","timestamp":"2026-08-12 15:32:06"}
{"level":"info","message":"AI chunk received for conversation 6a7af01d51869c00a163c5aa","timestamp":"2026-08-12 15:32:06"}
{"level":"info","message":"Socket disconnected: 3uXotua_4JgcvcHcAAAD (user: 6a74ee886c281428b3955a66) reason: transport error","timestamp":"2026-08-12 16:55:24"}
{"level":"warn","message":"MongoDB disconnected","timestamp":"2026-08-12 16:57:43"}
{"level":"warn","message":"MongoDB disconnected","timestamp":"2026-08-12 16:57:45"}
{"level":"info","message":"MongoDB connected: ac-wp8elny-shard-00-01.vftguqk.mongodb.net","timestamp":"2026-08-12 17:04:02"}
{"level":"info","message":"Socket.IO initialized successfully","timestamp":"2026-08-12 17:04:02"}
{"level":"info","message":"Server running on http://localhost:5000 [development]","timestamp":"2026-08-12 17:04:02"}
{"level":"info","message":"MongoDB connected: ac-wp8elny-shard-00-00.vftguqk.mongodb.net","timestamp":"2026-08-12 17:04:22"}
{"level":"info","message":"Socket.IO initialized successfully","timestamp":"2026-08-12 17:04:22"}
{"level":"info","message":"Server running on http://localhost:5000 [development]","timestamp":"2026-08-12 17:04:22"}
{"level":"info","message":"SIGINT received. Shutting down gracefully...","timestamp":"2026-08-12 17:04:42"}
{"level":"info","message":"MongoDB connected: ac-wp8elny-shard-00-00.vftguqk.mongodb.net","timestamp":"2026-08-12 17:04:55"}
{"level":"info","message":"Socket.IO initialized successfully","timestamp":"2026-08-12 17:04:55"}
{"level":"info","message":"Server running on http://localhost:5000 [development]","timestamp":"2026-08-12 17:04:55"}
{"level":"info","message":"SIGINT received. Shutting down gracefully...","timestamp":"2026-08-12 17:19:57"}
{"level":"info","message":"MongoDB connected: ac-wp8elny-shard-00-00.vftguqk.mongodb.net","timestamp":"2026-08-12 17:20:02"}
{"level":"info","message":"Socket.IO initialized successfully","timestamp":"2026-08-12 17:20:02"}
{"level":"info","message":"Server running on http://localhost:5000 [development]","timestamp":"2026-08-12 17:20:02"}
{"level":"http","message":"\u001b[0mPOST /api/v1/auth/login \u001b[32m200\u001b[0m 143.278 ms - 844\u001b[0m","timestamp":"2026-08-12 17:20:14"}
{"level":"info","message":"Socket authentication successful for user: 6a74ee886c281428b3955a66","timestamp":"2026-08-12 17:20:36"}
{"level":"info","message":"Socket connected: bsTv2xOgeHt4UJTyAAAB (user: 6a74ee886c281428b3955a66)","timestamp":"2026-08-12 17:20:36"}
{"level":"error","message":"Streaming AI generation failed: Gemini API error: This model is currently experiencing high demand. Spikes in demand are usually temporary. Please try again later.","timestamp":"2026-08-12 17:20:52"}
{"level":"info","message":"MongoDB connected: ac-wp8elny-shard-00-00.vftguqk.mongodb.net","timestamp":"2026-08-12 17:28:05"}
{"level":"info","message":"Socket.IO initialized successfully","timestamp":"2026-08-12 17:28:05"}
{"level":"info","message":"Server running on http://localhost:5000 [development]","timestamp":"2026-08-12 17:28:05"}
{"level":"info","message":"SIGINT received. Shutting down gracefully...","timestamp":"2026-08-12 17:28:06"}
{"level":"info","message":"MongoDB connected: ac-wp8elny-shard-00-00.vftguqk.mongodb.net","timestamp":"2026-08-12 17:28:17"}
{"level":"info","message":"Socket.IO initialized successfully","timestamp":"2026-08-12 17:28:17"}
{"level":"info","message":"Server running on http://localhost:5000 [development]","timestamp":"2026-08-12 17:28:17"}
{"level":"http","message":"\u001b[0mPOST /api/v1/auth/login \u001b[32m200\u001b[0m 211.791 ms - 844\u001b[0m","timestamp":"2026-08-12 17:29:51"}
{"level":"info","message":"Socket authentication successful for user: 6a74ee886c281428b3955a66","timestamp":"2026-08-12 17:30:13"}
{"level":"info","message":"Socket connected: Xdq34mNzMlPGNtULAAAB (user: 6a74ee886c281428b3955a66)","timestamp":"2026-08-12 17:30:13"}
{"level":"info","message":"MongoDB connected: ac-wp8elny-shard-00-00.vftguqk.mongodb.net","timestamp":"2026-08-12 17:55:11"}
{"level":"info","message":"Socket.IO initialized successfully","timestamp":"2026-08-12 17:55:11"}
{"level":"info","message":"Server running on http://localhost:5000 [development]","timestamp":"2026-08-12 17:55:11"}
{"level":"warn","message":"MongoDB disconnected","timestamp":"2026-08-12 18:31:01"}
{"level":"warn","message":"MongoDB disconnected","timestamp":"2026-08-12 18:59:16"}
{"level":"info","message":"MongoDB connected: ac-wp8elny-shard-00-00.vftguqk.mongodb.net","timestamp":"2026-08-12 18:59:37"}
{"level":"info","message":"Socket.IO initialized successfully","timestamp":"2026-08-12 18:59:37"}
{"level":"info","message":"Server running on http://localhost:5000 [development]","timestamp":"2026-08-12 18:59:37"}
{"level":"http","message":"\u001b[0mPOST /api/v1/auth/login \u001b[32m200\u001b[0m 183.879 ms - 844\u001b[0m","timestamp":"2026-08-12 19:00:56"}
{"level":"info","message":"Socket authentication successful for user: 6a74ee886c281428b3955a66","timestamp":"2026-08-12 19:01:42"}
{"level":"info","message":"Socket connected: qlegQcZFMO_DbEn9AAAB (user: 6a74ee886c281428b3955a66)","timestamp":"2026-08-12 19:01:42"}
{"level":"info","message":"Socket disconnected: qlegQcZFMO_DbEn9AAAB (user: 6a74ee886c281428b3955a66) reason: transport close","timestamp":"2026-08-12 19:11:13"}
{"level":"warn","message":"MongoDB disconnected","timestamp":"2026-08-12 19:11:23"}
{"level":"info","message":"SIGINT received. Shutting down gracefully...","timestamp":"2026-08-12 19:15:43"}
{"level":"info","message":"MongoDB connected: ac-wp8elny-shard-00-00.vftguqk.mongodb.net","timestamp":"2026-08-12 19:15:48"}
{"level":"info","message":"Socket.IO initialized successfully","timestamp":"2026-08-12 19:15:48"}
{"level":"info","message":"Server running on http://localhost:5000 [development]","timestamp":"2026-08-12 19:15:48"}
{"level":"http","message":"\u001b[0mPOST /api/v1/auth/login \u001b[32m200\u001b[0m 238.929 ms - 844\u001b[0m","timestamp":"2026-08-12 19:16:01"}
{"level":"info","message":"Socket authentication successful for user: 6a74ee886c281428b3955a66","timestamp":"2026-08-12 19:16:18"}
{"level":"info","message":"Socket connected: bhd8QlSHR3V_0-GGAAAB (user: 6a74ee886c281428b3955a66)","timestamp":"2026-08-12 19:16:18"}
{"level":"info","message":"MongoDB connected: ac-wp8elny-shard-00-00.vftguqk.mongodb.net","timestamp":"2026-08-12 19:21:02"}
{"level":"info","message":"Socket.IO initialized successfully","timestamp":"2026-08-12 19:21:02"}
{"level":"info","message":"Server running on http://localhost:5000 [development]","timestamp":"2026-08-12 19:21:02"}
{"level":"info","message":"Socket authentication successful for user: 6a74ee886c281428b3955a66","timestamp":"2026-08-12 19:21:20"}
{"level":"info","message":"Socket connected: Lf5YQ59Y8Lol9fp9AAAB (user: 6a74ee886c281428b3955a66)","timestamp":"2026-08-12 19:21:20"}
{"level":"info","message":"send_message received from 6a74ee886c281428b3955a66","timestamp":"2026-08-12 19:23:25"}
{"level":"info","message":"send_message payload: {\"conversationId\":\"6a7af01d51869c00a163c5aa\",\"content\":\"Explain in detail how the Internet works\"}","timestamp":"2026-08-12 19:23:25"}
{"level":"info","message":"Conversation validated: 6a7af01d51869c00a163c5aa","timestamp":"2026-08-12 19:23:25"}
{"level":"info","message":"Loading message.service.js...","timestamp":"2026-08-12 19:23:25"}
{"level":"info","message":"message.service.js loaded successfully","timestamp":"2026-08-12 19:23:25"}
{"level":"info","message":"Calling sendMessageStream...","timestamp":"2026-08-12 19:23:25"}
{"level":"info","message":"sendMessageStream completed for conversation 6a7af01d51869c00a163c5aa","timestamp":"2026-08-12 19:23:45"}
{"level":"info","message":"Socket disconnected: Lf5YQ59Y8Lol9fp9AAAB (user: 6a74ee886c281428b3955a66) reason: transport close","timestamp":"2026-08-12 20:12:12"}
{"level":"warn","message":"MongoDB disconnected","timestamp":"2026-08-12 20:12:23"}
{"level":"warn","message":"MongoDB disconnected","timestamp":"2026-08-12 20:22:36"}
{"level":"warn","message":"MongoDB disconnected","timestamp":"2026-08-12 21:59:24"}
{"level":"warn","message":"MongoDB disconnected","timestamp":"2026-08-13 08:21:05"}
{"level":"warn","message":"MongoDB disconnected","timestamp":"2026-08-13 08:41:06"}
{"level":"info","message":"MongoDB connected: ac-wp8elny-shard-00-00.vftguqk.mongodb.net","timestamp":"2026-08-18 20:09:16"}
{"level":"info","message":"Socket.IO initialized successfully","timestamp":"2026-08-18 20:09:16"}
{"level":"info","message":"Server running on http://localhost:5000 [development]","timestamp":"2026-08-18 20:09:16"}
{"level":"http","message":"\u001b[0mPOST /api/v1/auth/login \u001b[32m200\u001b[0m 379.047 ms - 844\u001b[0m","timestamp":"2026-08-18 20:11:27"}
{"level":"http","message":"\u001b[0mGET /api/v1/analytics/me \u001b[32m200\u001b[0m 133.405 ms - 206\u001b[0m","timestamp":"2026-08-18 20:13:06"}
{"level":"warn","message":"MongoDB disconnected","timestamp":"2026-08-18 22:01:06"}
{"level":"http","message":"\u001b[0mPOST /api/v1/auth/login \u001b[32m200\u001b[0m 890.467 ms - 844\u001b[0m","timestamp":"2026-08-18 22:03:48"}
{"level":"http","message":"\u001b[0mGET /api/v1/analytics/me/daily?days=7 \u001b[32m200\u001b[0m 276.989 ms - 125\u001b[0m","timestamp":"2026-08-18 22:04:35"}
{"level":"info","message":"SIGINT received. Shutting down gracefully...","timestamp":"2026-08-18 22:05:06"}
{"level":"info","message":"MongoDB connected: ac-wp8elny-shard-00-00.vftguqk.mongodb.net","timestamp":"2026-08-18 22:05:12"}
{"level":"info","message":"Socket.IO initialized successfully","timestamp":"2026-08-18 22:05:12"}
{"level":"info","message":"Server running on http://localhost:5000 [development]","timestamp":"2026-08-18 22:05:12"}
{"level":"info","message":"MongoDB connected: ac-wp8elny-shard-00-00.vftguqk.mongodb.net","timestamp":"2026-08-18 22:07:49"}
{"level":"info","message":"Socket.IO initialized successfully","timestamp":"2026-08-18 22:07:49"}
{"level":"info","message":"Server running on http://localhost:5000 [development]","timestamp":"2026-08-18 22:07:49"}
{"level":"info","message":"MongoDB connected: ac-wp8elny-shard-00-00.vftguqk.mongodb.net","timestamp":"2026-08-18 22:09:07"}
{"level":"info","message":"Socket.IO initialized successfully","timestamp":"2026-08-18 22:09:07"}
{"level":"info","message":"Server running on http://localhost:5000 [development]","timestamp":"2026-08-18 22:09:07"}
{"level":"warn","message":"MongoDB disconnected","timestamp":"2026-08-19 00:46:35"}
{"level":"info","message":"SIGINT received. Shutting down gracefully...","timestamp":"2026-08-19 00:46:41"}
{"level":"info","message":"MongoDB connected: ac-wp8elny-shard-00-00.vftguqk.mongodb.net","timestamp":"2026-08-19 00:46:52"}
{"level":"info","message":"Socket.IO initialized successfully","timestamp":"2026-08-19 00:46:52"}
{"level":"info","message":"Server running on http://localhost:5000 [development]","timestamp":"2026-08-19 00:46:52"}
{"level":"info","message":"MongoDB connected: ac-wp8elny-shard-00-00.vftguqk.mongodb.net","timestamp":"2026-08-19 00:55:40"}
{"level":"info","message":"Socket.IO initialized successfully","timestamp":"2026-08-19 00:55:40"}
{"level":"info","message":"Server running on http://localhost:5000 [development]","timestamp":"2026-08-19 00:55:40"}
{"level":"info","message":"MongoDB connected: ac-wp8elny-shard-00-02.vftguqk.mongodb.net","timestamp":"2026-08-19 00:56:00"}
{"level":"info","message":"Socket.IO initialized successfully","timestamp":"2026-08-19 00:56:00"}
{"level":"info","message":"Server running on http://localhost:5000 [development]","timestamp":"2026-08-19 00:56:00"}
{"level":"error","message":"MongoDB connection failed: querySrv ECONNREFUSED _mongodb._tcp.cluster0.vftguqk.mongodb.net","timestamp":"2026-08-19 01:04:40"}
{"level":"error","message":"MongoDB connection failed: querySrv ECONNREFUSED _mongodb._tcp.cluster0.vftguqk.mongodb.net","timestamp":"2026-08-19 01:05:04"}
{"level":"error","message":"MongoDB connection failed: querySrv ECONNREFUSED _mongodb._tcp.cluster0.vftguqk.mongodb.net","timestamp":"2026-08-19 01:05:09"}
{"level":"error","message":"MongoDB connection failed: querySrv ECONNREFUSED _mongodb._tcp.cluster0.vftguqk.mongodb.net","timestamp":"2026-08-19 01:06:04"}
{"level":"info","message":"MongoDB connected: ac-wp8elny-shard-00-00.vftguqk.mongodb.net","timestamp":"2026-08-19 01:06:24"}
{"level":"info","message":"Socket.IO initialized successfully","timestamp":"2026-08-19 01:06:24"}
{"level":"info","message":"Server running on http://localhost:5000 [development]","timestamp":"2026-08-19 01:06:24"}
{"level":"info","message":"SIGINT received. Shutting down gracefully...","timestamp":"2026-08-19 01:16:16"}
{"level":"info","message":"MongoDB connected: ac-wp8elny-shard-00-01.vftguqk.mongodb.net","timestamp":"2026-08-19 01:16:24"}
{"level":"info","message":"Socket.IO initialized successfully","timestamp":"2026-08-19 01:16:24"}
{"level":"info","message":"Server running on http://localhost:5000 [development]","timestamp":"2026-08-19 01:16:24"}
{"level":"http","message":"\u001b[0mPOST /api/v1/auth/login \u001b[32m200\u001b[0m 293.091 ms - 847\u001b[0m","timestamp":"2026-08-19 01:19:52"}
{"level":"error","message":"GET /api/v1/admin/dashboard -> 404: Route not found: /api/v1/admin/dashboard","timestamp":"2026-08-19 01:20:10"}
{"level":"http","message":"\u001b[0mGET /api/v1/admin/dashboard \u001b[33m404\u001b[0m 3.884 ms - -\u001b[0m","timestamp":"2026-08-19 01:20:10"}
{"level":"info","message":"MongoDB connected: ac-wp8elny-shard-00-00.vftguqk.mongodb.net","timestamp":"2026-08-19 01:22:08"}
{"level":"info","message":"Socket.IO initialized successfully","timestamp":"2026-08-19 01:22:08"}
{"level":"info","message":"Server running on http://localhost:5000 [development]","timestamp":"2026-08-19 01:22:08"}
{"level":"info","message":"MongoDB connected: ac-wp8elny-shard-00-00.vftguqk.mongodb.net","timestamp":"2026-08-19 01:22:11"}
{"level":"info","message":"Socket.IO initialized successfully","timestamp":"2026-08-19 01:22:11"}
{"level":"info","message":"Server running on http://localhost:5000 [development]","timestamp":"2026-08-19 01:22:11"}
{"level":"info","message":"SIGINT received. Shutting down gracefully...","timestamp":"2026-08-19 01:22:43"}
{"level":"info","message":"MongoDB connected: ac-wp8elny-shard-00-00.vftguqk.mongodb.net","timestamp":"2026-08-19 01:22:48"}
{"level":"info","message":"Socket.IO initialized successfully","timestamp":"2026-08-19 01:22:48"}
{"level":"info","message":"Server running on http://localhost:5000 [development]","timestamp":"2026-08-19 01:22:48"}
{"level":"error","message":"GET /api/v1/admin/dashboard -> 404: Route not found: /api/v1/admin/dashboard","timestamp":"2026-08-19 01:23:14"}
{"level":"http","message":"\u001b[0mGET /api/v1/admin/dashboard \u001b[33m404\u001b[0m 5.113 ms - -\u001b[0m","timestamp":"2026-08-19 01:23:14"}
{"level":"info","message":"MongoDB connected: ac-wp8elny-shard-00-00.vftguqk.mongodb.net","timestamp":"2026-08-19 09:24:58"}
{"level":"info","message":"Socket.IO initialized successfully","timestamp":"2026-08-19 09:24:58"}
{"level":"info","message":"Server running on http://localhost:5000 [development]","timestamp":"2026-08-19 09:24:58"}
{"level":"info","message":"MongoDB connected: ac-wp8elny-shard-00-00.vftguqk.mongodb.net","timestamp":"2026-08-19 09:28:59"}
{"level":"info","message":"Socket.IO initialized successfully","timestamp":"2026-08-19 09:28:59"}
{"level":"info","message":"Server running on http://localhost:5000 [development]","timestamp":"2026-08-19 09:28:59"}
{"level":"info","message":"SIGINT received. Shutting down gracefully...","timestamp":"2026-08-19 09:29:02"}
{"level":"info","message":"MongoDB connected: ac-wp8elny-shard-00-00.vftguqk.mongodb.net","timestamp":"2026-08-19 09:29:05"}
{"level":"info","message":"Socket.IO initialized successfully","timestamp":"2026-08-19 09:29:05"}
{"level":"info","message":"Server running on http://localhost:5000 [development]","timestamp":"2026-08-19 09:29:05"}
{"level":"http","message":"\u001b[0mPOST /api/v1/auth/login \u001b[32m200\u001b[0m 149.504 ms - 847\u001b[0m","timestamp":"2026-08-19 09:29:34"}
{"level":"http","message":"\u001b[0mGET /api/v1/admin/dashboard \u001b[32m200\u001b[0m 42.149 ms - 167\u001b[0m","timestamp":"2026-08-19 09:29:47"}
{"level":"http","message":"\u001b[0mGET /api/v1/admin/users \u001b[32m200\u001b[0m 41.745 ms - 464\u001b[0m","timestamp":"2026-08-19 09:31:51"}
{"level":"info","message":"MongoDB connected: ac-wp8elny-shard-00-00.vftguqk.mongodb.net","timestamp":"2026-08-19 09:33:11"}
{"level":"info","message":"Socket.IO initialized successfully","timestamp":"2026-08-19 09:33:11"}
{"level":"info","message":"Server running on http://localhost:5000 [development]","timestamp":"2026-08-19 09:33:11"}
{"level":"info","message":"MongoDB connected: ac-wp8elny-shard-00-00.vftguqk.mongodb.net","timestamp":"2026-08-19 09:33:12"}
{"level":"info","message":"Socket.IO initialized successfully","timestamp":"2026-08-19 09:33:12"}
{"level":"info","message":"Server running on http://localhost:5000 [development]","timestamp":"2026-08-19 09:33:12"}
{"level":"info","message":"MongoDB connected: ac-wp8elny-shard-00-02.vftguqk.mongodb.net","timestamp":"2026-08-19 09:35:05"}
{"level":"info","message":"Socket.IO initialized successfully","timestamp":"2026-08-19 09:35:05"}
{"level":"info","message":"Server running on http://localhost:5000 [development]","timestamp":"2026-08-19 09:35:05"}
{"level":"info","message":"MongoDB connected: ac-wp8elny-shard-00-00.vftguqk.mongodb.net","timestamp":"2026-08-19 09:35:06"}
{"level":"info","message":"Socket.IO initialized successfully","timestamp":"2026-08-19 09:35:06"}
{"level":"info","message":"Server running on http://localhost:5000 [development]","timestamp":"2026-08-19 09:35:06"}
{"level":"info","message":"MongoDB connected: ac-wp8elny-shard-00-00.vftguqk.mongodb.net","timestamp":"2026-08-19 09:35:28"}
{"level":"info","message":"Socket.IO initialized successfully","timestamp":"2026-08-19 09:35:28"}
{"level":"info","message":"Server running on http://localhost:5000 [development]","timestamp":"2026-08-19 09:35:28"}
{"level":"info","message":"MongoDB connected: ac-wp8elny-shard-00-00.vftguqk.mongodb.net","timestamp":"2026-08-19 09:35:29"}
{"level":"info","message":"Socket.IO initialized successfully","timestamp":"2026-08-19 09:35:29"}
{"level":"info","message":"Server running on http://localhost:5000 [development]","timestamp":"2026-08-19 09:35:29"}
{"level":"info","message":"MongoDB connected: ac-wp8elny-shard-00-00.vftguqk.mongodb.net","timestamp":"2026-08-19 09:35:33"}
{"level":"info","message":"Socket.IO initialized successfully","timestamp":"2026-08-19 09:35:33"}
{"level":"info","message":"Server running on http://localhost:5000 [development]","timestamp":"2026-08-19 09:35:33"}
{"level":"info","message":"MongoDB connected: ac-wp8elny-shard-00-00.vftguqk.mongodb.net","timestamp":"2026-08-19 09:35:34"}
{"level":"info","message":"Socket.IO initialized successfully","timestamp":"2026-08-19 09:35:34"}
{"level":"info","message":"Server running on http://localhost:5000 [development]","timestamp":"2026-08-19 09:35:34"}
{"level":"info","message":"MongoDB connected: ac-wp8elny-shard-00-00.vftguqk.mongodb.net","timestamp":"2026-08-19 09:36:07"}
{"level":"info","message":"Socket.IO initialized successfully","timestamp":"2026-08-19 09:36:07"}
{"level":"info","message":"Server running on http://localhost:5000 [development]","timestamp":"2026-08-19 09:36:07"}
{"level":"info","message":"MongoDB connected: ac-wp8elny-shard-00-00.vftguqk.mongodb.net","timestamp":"2026-08-19 09:36:27"}
{"level":"info","message":"Socket.IO initialized successfully","timestamp":"2026-08-19 09:36:27"}
{"level":"info","message":"Server running on http://localhost:5000 [development]","timestamp":"2026-08-19 09:36:27"}
{"level":"info","message":"MongoDB connected: ac-wp8elny-shard-00-00.vftguqk.mongodb.net","timestamp":"2026-08-19 09:36:35"}
{"level":"info","message":"Socket.IO initialized successfully","timestamp":"2026-08-19 09:36:35"}
{"level":"info","message":"Server running on http://localhost:5000 [development]","timestamp":"2026-08-19 09:36:35"}
{"level":"info","message":"MongoDB connected: ac-wp8elny-shard-00-00.vftguqk.mongodb.net","timestamp":"2026-08-19 09:36:46"}
{"level":"info","message":"Socket.IO initialized successfully","timestamp":"2026-08-19 09:36:46"}
{"level":"info","message":"Server running on http://localhost:5000 [development]","timestamp":"2026-08-19 09:36:46"}
{"level":"info","message":"MongoDB connected: ac-wp8elny-shard-00-00.vftguqk.mongodb.net","timestamp":"2026-08-19 09:36:50"}
{"level":"info","message":"Socket.IO initialized successfully","timestamp":"2026-08-19 09:36:50"}
{"level":"info","message":"Server running on http://localhost:5000 [development]","timestamp":"2026-08-19 09:36:50"}
{"level":"info","message":"MongoDB connected: ac-wp8elny-shard-00-00.vftguqk.mongodb.net","timestamp":"2026-08-19 09:37:10"}
{"level":"info","message":"Socket.IO initialized successfully","timestamp":"2026-08-19 09:37:10"}
{"level":"info","message":"Server running on http://localhost:5000 [development]","timestamp":"2026-08-19 09:37:10"}
{"level":"info","message":"MongoDB connected: ac-wp8elny-shard-00-00.vftguqk.mongodb.net","timestamp":"2026-08-19 13:06:54"}
{"level":"info","message":"Socket.IO initialized successfully","timestamp":"2026-08-19 13:06:54"}
{"level":"info","message":"Server running on http://localhost:5000 [development]","timestamp":"2026-08-19 13:06:54"}
{"level":"info","message":"MongoDB connected: ac-wp8elny-shard-00-02.vftguqk.mongodb.net","timestamp":"2026-08-19 13:07:43"}
{"level":"info","message":"Socket.IO initialized successfully","timestamp":"2026-08-19 13:07:43"}
{"level":"info","message":"Server running on http://localhost:5000 [development]","timestamp":"2026-08-19 13:07:43"}
{"level":"http","message":"\u001b[0mPOST /api/v1/auth/login \u001b[32m200\u001b[0m 398.544 ms - 847\u001b[0m","timestamp":"2026-08-19 13:08:50"}
{"level":"http","message":"\u001b[0mPOST /api/v1/folders \u001b[32m201\u001b[0m 59.485 ms - 267\u001b[0m","timestamp":"2026-08-19 13:09:11"}
{"level":"http","message":"\u001b[0mGET /api/v1/folders \u001b[32m200\u001b[0m 80.813 ms - 293\u001b[0m","timestamp":"2026-08-19 13:10:15"}
{"level":"error","message":"GET /api/v1/conversations -> 401: Invalid or expired access token","timestamp":"2026-08-19 13:14:34"}
{"level":"http","message":"\u001b[0mGET /api/v1/conversations \u001b[33m401\u001b[0m 3.873 ms - -\u001b[0m","timestamp":"2026-08-19 13:14:34"}
{"level":"http","message":"\u001b[0mGET /api/v1/conversations \u001b[32m200\u001b[0m 51.855 ms - 495\u001b[0m","timestamp":"2026-08-19 13:14:59"}
{"level":"http","message":"\u001b[0mPATCH /api/v1/folders/conversations/6a7af01d51869c00a163c5aa/move \u001b[32m200\u001b[0m 214.488 ms - 451\u001b[0m","timestamp":"2026-08-19 13:16:32"}
{"level":"info","message":"SIGINT received. Shutting down gracefully...","timestamp":"2026-08-19 13:17:26"}
{"level":"info","message":"MongoDB connected: ac-wp8elny-shard-00-00.vftguqk.mongodb.net","timestamp":"2026-08-19 13:17:33"}
{"level":"info","message":"Socket.IO initialized successfully","timestamp":"2026-08-19 13:17:33"}
{"level":"info","message":"Server running on http://localhost:5000 [development]","timestamp":"2026-08-19 13:17:33"}
{"level":"info","message":"SIGINT received. Shutting down gracefully...","timestamp":"2026-08-19 13:27:00"}
{"level":"info","message":"MongoDB connected: ac-wp8elny-shard-00-01.vftguqk.mongodb.net","timestamp":"2026-08-19 13:27:07"}
{"level":"info","message":"Socket.IO initialized successfully","timestamp":"2026-08-19 13:27:07"}
{"level":"info","message":"Server running on http://localhost:5000 [development]","timestamp":"2026-08-19 13:27:07"}
{"level":"info","message":"SIGINT received. Shutting down gracefully...","timestamp":"2026-08-19 13:27:09"}
{"level":"info","message":"MongoDB connected: ac-wp8elny-shard-00-00.vftguqk.mongodb.net","timestamp":"2026-08-19 13:27:40"}
{"level":"info","message":"Socket.IO initialized successfully","timestamp":"2026-08-19 13:27:40"}
{"level":"info","message":"Server running on http://localhost:5000 [development]","timestamp":"2026-08-19 13:27:40"}
{"level":"info","message":"SIGINT received. Shutting down gracefully...","timestamp":"2026-08-19 13:28:57"}
{"level":"info","message":"MongoDB connected: ac-wp8elny-shard-00-00.vftguqk.mongodb.net","timestamp":"2026-08-19 13:29:03"}
{"level":"info","message":"Socket.IO initialized successfully","timestamp":"2026-08-19 13:29:03"}
{"level":"info","message":"Server running on http://localhost:5000 [development]","timestamp":"2026-08-19 13:29:03"}
{"level":"error","message":"GET / -> 404: Route not found: /","timestamp":"2026-08-19 13:29:18"}
{"level":"http","message":"\u001b[0mGET / \u001b[33m404\u001b[0m 9.679 ms - -\u001b[0m","timestamp":"2026-08-19 13:29:18"}
{"level":"error","message":"GET /favicon.ico -> 404: Route not found: /favicon.ico","timestamp":"2026-08-19 13:29:18"}
{"level":"http","message":"\u001b[0mGET /favicon.ico \u001b[33m404\u001b[0m 1.856 ms - -\u001b[0m","timestamp":"2026-08-19 13:29:18"}
{"level":"info","message":"SIGINT received. Shutting down gracefully...","timestamp":"2026-08-19 13:52:37"}
{"level":"info","message":"MongoDB connected: ac-wp8elny-shard-00-00.vftguqk.mongodb.net","timestamp":"2026-08-19 13:52:50"}
{"level":"info","message":"Socket.IO initialized successfully","timestamp":"2026-08-19 13:52:50"}
{"level":"info","message":"Server running on http://localhost:5000 [development]","timestamp":"2026-08-19 13:52:50"}
{"level":"info","message":"SIGINT received. Shutting down gracefully...","timestamp":"2026-08-19 13:52:51"}
{"level":"info","message":"MongoDB connected: ac-wp8elny-shard-00-00.vftguqk.mongodb.net","timestamp":"2026-08-19 14:03:10"}
{"level":"info","message":"Socket.IO initialized successfully","timestamp":"2026-08-19 14:03:10"}
{"level":"info","message":"Server running on http://localhost:5000 [development]","timestamp":"2026-08-19 14:03:10"}
{"level":"info","message":"SIGINT received. Shutting down gracefully...","timestamp":"2026-08-19 14:51:21"}
{"level":"info","message":"MongoDB connected: ac-wp8elny-shard-00-00.vftguqk.mongodb.net","timestamp":"2026-08-19 14:52:11"}
{"level":"info","message":"Socket.IO initialized successfully","timestamp":"2026-08-19 14:52:11"}
{"level":"info","message":"Server running on http://localhost:5000 [development]","timestamp":"2026-08-19 14:52:11"}
{"level":"http","message":"\u001b[0mPOST /api/v1/auth/login \u001b[32m200\u001b[0m 201.731 ms - 847\u001b[0m","timestamp":"2026-08-19 14:53:38"}
{"level":"info","message":"Socket authentication successful for user: 6a74ee886c281428b3955a66","timestamp":"2026-08-19 14:58:25"}
{"level":"info","message":"Socket connected: 2wh5y6Ndw5X-RjCVAAAD (user: 6a74ee886c281428b3955a66)","timestamp":"2026-08-19 14:58:25"}
{"level":"info","message":"join_conversation received: null","timestamp":"2026-08-19 15:16:34"}
{"level":"http","message":"\u001b[0mPOST /api/v1/auth/login \u001b[32m200\u001b[0m 128.798 ms - 847\u001b[0m","timestamp":"2026-08-19 15:16:40"}
{"level":"info","message":"Socket authentication successful for user: 6a74ee886c281428b3955a66","timestamp":"2026-08-19 15:16:56"}
{"level":"info","message":"Socket connected: 6p6re2i5PwZDQSe0AAAF (user: 6a74ee886c281428b3955a66)","timestamp":"2026-08-19 15:16:56"}
{"level":"info","message":"join_conversation received: null","timestamp":"2026-08-19 15:17:03"}
{"level":"info","message":"Socket authentication successful for user: 6a74ee886c281428b3955a66","timestamp":"2026-08-19 15:18:04"}
{"level":"info","message":"Socket connected: NbJUSNdQcjxkWUi3AAAH (user: 6a74ee886c281428b3955a66)","timestamp":"2026-08-19 15:18:04"}
{"level":"info","message":"join_conversation received: null","timestamp":"2026-08-19 15:18:05"}
{"level":"info","message":"Socket authentication successful for user: 6a74ee886c281428b3955a66","timestamp":"2026-08-19 15:18:09"}
{"level":"info","message":"Socket connected: ce4OZQBldK30DRYJAAAJ (user: 6a74ee886c281428b3955a66)","timestamp":"2026-08-19 15:18:09"}
{"level":"info","message":"join_conversation received: null","timestamp":"2026-08-19 15:18:11"}
{"level":"info","message":"MongoDB connected: ac-wp8elny-shard-00-02.vftguqk.mongodb.net","timestamp":"2026-08-19 15:23:53"}
{"level":"info","message":"Socket.IO initialized successfully","timestamp":"2026-08-19 15:23:53"}
{"level":"info","message":"Server running on http://localhost:5000 [development]","timestamp":"2026-08-19 15:23:53"}
{"level":"info","message":"SIGINT received. Shutting down gracefully...","timestamp":"2026-08-19 15:24:18"}
{"level":"info","message":"MongoDB connected: ac-wp8elny-shard-00-00.vftguqk.mongodb.net","timestamp":"2026-08-19 15:24:25"}
{"level":"info","message":"Socket.IO initialized successfully","timestamp":"2026-08-19 15:24:25"}
{"level":"info","message":"Server running on http://localhost:5000 [development]","timestamp":"2026-08-19 15:24:25"}
{"level":"info","message":"SIGINT received. Shutting down gracefully...","timestamp":"2026-08-19 15:24:30"}
{"level":"info","message":"MongoDB connected: ac-wp8elny-shard-00-01.vftguqk.mongodb.net","timestamp":"2026-08-19 15:24:38"}
{"level":"info","message":"Socket.IO initialized successfully","timestamp":"2026-08-19 15:24:38"}
{"level":"info","message":"Server running on http://localhost:5000 [development]","timestamp":"2026-08-19 15:24:38"}
{"level":"http","message":"\u001b[0mPOST /api/v1/auth/login \u001b[32m200\u001b[0m 170.744 ms - 847\u001b[0m","timestamp":"2026-08-19 15:24:55"}
{"level":"info","message":"Socket authentication successful for user: 6a74ee886c281428b3955a66","timestamp":"2026-08-19 15:25:17"}
{"level":"info","message":"Socket connected: p1XBQvmtdw5w8SaMAAAB (user: 6a74ee886c281428b3955a66)","timestamp":"2026-08-19 15:25:17"}
{"level":"info","message":"join_conversation received from 6a74ee886c281428b3955a66","timestamp":"2026-08-19 15:26:23"}
{"level":"info","message":"join_conversation payload: {\"conversationId\":\"6a7af01d51869c00a163c5aa\"}","timestamp":"2026-08-19 15:26:23"}
{"level":"info","message":"Normalized conversationId: 6a7af01d51869c00a163c5aa","timestamp":"2026-08-19 15:26:23"}
{"level":"info","message":"Socket p1XBQvmtdw5w8SaMAAAB joined conversation:6a7af01d51869c00a163c5aa","timestamp":"2026-08-19 15:26:23"}
{"level":"error","message":"Socket authentication error: jwt expired","timestamp":"2026-08-19 15:28:47"}
{"level":"info","message":"Socket authentication successful for user: 6a74ee886c281428b3955a66","timestamp":"2026-08-19 15:29:18"}
{"level":"info","message":"Socket connected: tryULGv_zfIH-dx7AAAF (user: 6a74ee886c281428b3955a66)","timestamp":"2026-08-19 15:29:18"}
{"level":"http","message":"\u001b[0mPOST /api/v1/auth/login \u001b[32m200\u001b[0m 139.873 ms - 847\u001b[0m","timestamp":"2026-08-19 15:35:47"}
{"level":"info","message":"Socket authentication successful for user: 6a74ee886c281428b3955a66","timestamp":"2026-08-19 15:36:51"}
{"level":"info","message":"Socket connected: t7jv4TPBg_Q8HaclAAAJ (user: 6a74ee886c281428b3955a66)","timestamp":"2026-08-19 15:36:51"}
{"level":"info","message":"Socket disconnected: tryULGv_zfIH-dx7AAAF (user: 6a74ee886c281428b3955a66) reason: transport close","timestamp":"2026-08-19 16:11:11"}
{"level":"info","message":"Socket disconnected: p1XBQvmtdw5w8SaMAAAB (user: 6a74ee886c281428b3955a66) reason: transport close","timestamp":"2026-08-19 16:11:11"}
{"level":"info","message":"Socket disconnected: t7jv4TPBg_Q8HaclAAAJ (user: 6a74ee886c281428b3955a66) reason: transport error","timestamp":"2026-08-19 16:11:11"}
{"level":"warn","message":"MongoDB disconnected","timestamp":"2026-08-19 16:11:21"}
{"level":"http","message":"\u001b[0mPOST /api/v1/auth/login \u001b[32m200\u001b[0m 869.796 ms - 847\u001b[0m","timestamp":"2026-08-19 16:15:27"}
{"level":"info","message":"Socket authentication successful for user: 6a74ee886c281428b3955a66","timestamp":"2026-08-19 16:15:48"}
{"level":"info","message":"Socket connected: Ev-poSlStHcxe2DsAAAL (user: 6a74ee886c281428b3955a66)","timestamp":"2026-08-19 16:15:48"}
{"level":"info","message":"MongoDB connected: ac-wp8elny-shard-00-00.vftguqk.mongodb.net","timestamp":"2026-08-19 16:18:32"}
{"level":"info","message":"Socket.IO initialized successfully","timestamp":"2026-08-19 16:18:33"}
{"level":"info","message":"Server running on http://localhost:5000 [development]","timestamp":"2026-08-19 16:18:33"}
{"level":"warn","message":"MongoDB disconnected","timestamp":"2026-08-19 16:38:38"}
{"level":"info","message":"SIGINT received. Shutting down gracefully...","timestamp":"2026-08-19 16:41:59"}
{"level":"info","message":"MongoDB connected: ac-wp8elny-shard-00-00.vftguqk.mongodb.net","timestamp":"2026-08-19 16:42:07"}
{"level":"info","message":"Socket.IO initialized successfully","timestamp":"2026-08-19 16:42:07"}
{"level":"info","message":"Server running on http://localhost:5000 [development]","timestamp":"2026-08-19 16:42:07"}
{"level":"http","message":"\u001b[0mPOST /api/v1/auth/login \u001b[32m200\u001b[0m 225.954 ms - 847\u001b[0m","timestamp":"2026-08-19 16:42:17"}
{"level":"info","message":"Socket authentication successful for user: 6a74ee886c281428b3955a66","timestamp":"2026-08-19 16:42:33"}
{"level":"info","message":"Socket connected: HmY8YxlnKXpgZgjUAAAB (user: 6a74ee886c281428b3955a66)","timestamp":"2026-08-19 16:42:33"}
{"level":"info","message":"send_message received from 6a74ee886c281428b3955a66","timestamp":"2026-08-19 16:52:33"}
{"level":"info","message":"send_message payload: {\"conversationId\":\"6a7af01d51869c00a163c5aa\",\"content\":\"Hello bhai\",\"attachmentIds\":[]}","timestamp":"2026-08-19 16:52:33"}
{"level":"info","message":"Conversation validated: 6a7af01d51869c00a163c5aa","timestamp":"2026-08-19 16:52:33"}
{"level":"info","message":"Loading message.service.js...","timestamp":"2026-08-19 16:52:33"}
{"level":"error","message":"send_message socket error: Cannot find module 'C:\\Users\\hp\\OneDrive\\Desktop\\StackChat\\server\\services\\message.service.js' imported from C:\\Users\\hp\\OneDrive\\Desktop\\StackChat\\server\\src\\sockets\\socket.js","timestamp":"2026-08-19 16:52:33"}
{"level":"error","message":"Error [ERR_MODULE_NOT_FOUND]: Cannot find module 'C:\\Users\\hp\\OneDrive\\Desktop\\StackChat\\server\\services\\message.service.js' imported from C:\\Users\\hp\\OneDrive\\Desktop\\StackChat\\server\\src\\sockets\\socket.js\n    at finalizeResolution (node:internal/modules/esm/resolve:274:11)\n    at moduleResolve (node:internal/modules/esm/resolve:864:10)\n    at defaultResolve (node:internal/modules/esm/resolve:990:11)\n    at #cachedDefaultResolve (node:internal/modules/esm/loader:718:20)\n    at #resolveAndMaybeBlockOnLoaderThread (node:internal/modules/esm/loader:735:38)\n    at ModuleLoader.resolveSync (node:internal/modules/esm/loader:764:52)\n    at #resolve (node:internal/modules/esm/loader:700:17)\n    at ModuleLoader.getOrCreateModuleJob (node:internal/modules/esm/loader:620:35)\n    at onImport.tracePromise.__proto__ (node:internal/modules/esm/loader:649:32)\n    at TracingChannel.tracePromise (node:diagnostics_channel:350:14)","timestamp":"2026-08-19 16:52:33"}
{"level":"http","message":"\u001b[0mPOST /api/v1/auth/login \u001b[32m200\u001b[0m 268.539 ms - 847\u001b[0m","timestamp":"2026-08-19 16:52:46"}
{"level":"info","message":"Socket authentication successful for user: 6a74ee886c281428b3955a66","timestamp":"2026-08-19 16:53:00"}
{"level":"info","message":"Socket connected: sQQ0GwmIA_I9eT3YAAAD (user: 6a74ee886c281428b3955a66)","timestamp":"2026-08-19 16:53:00"}
{"level":"info","message":"send_message received from 6a74ee886c281428b3955a66","timestamp":"2026-08-19 16:53:04"}
{"level":"info","message":"send_message payload: {\"conversationId\":\"6a7af01d51869c00a163c5aa\",\"content\":\"Hello bhai\",\"attachmentIds\":[]}","timestamp":"2026-08-19 16:53:04"}
{"level":"info","message":"Conversation validated: 6a7af01d51869c00a163c5aa","timestamp":"2026-08-19 16:53:04"}
{"level":"info","message":"Loading message.service.js...","timestamp":"2026-08-19 16:53:04"}
{"level":"error","message":"send_message socket error: Cannot find module 'C:\\Users\\hp\\OneDrive\\Desktop\\StackChat\\server\\services\\message.service.js' imported from C:\\Users\\hp\\OneDrive\\Desktop\\StackChat\\server\\src\\sockets\\socket.js","timestamp":"2026-08-19 16:53:04"}
{"level":"error","message":"Error [ERR_MODULE_NOT_FOUND]: Cannot find module 'C:\\Users\\hp\\OneDrive\\Desktop\\StackChat\\server\\services\\message.service.js' imported from C:\\Users\\hp\\OneDrive\\Desktop\\StackChat\\server\\src\\sockets\\socket.js\n    at finalizeResolution (node:internal/modules/esm/resolve:274:11)\n    at moduleResolve (node:internal/modules/esm/resolve:864:10)\n    at defaultResolve (node:internal/modules/esm/resolve:990:11)\n    at #cachedDefaultResolve (node:internal/modules/esm/loader:718:20)\n    at #resolveAndMaybeBlockOnLoaderThread (node:internal/modules/esm/loader:735:38)\n    at ModuleLoader.resolveSync (node:internal/modules/esm/loader:764:52)\n    at #resolve (node:internal/modules/esm/loader:700:17)\n    at ModuleLoader.getOrCreateModuleJob (node:internal/modules/esm/loader:620:35)\n    at onImport.tracePromise.__proto__ (node:internal/modules/esm/loader:649:32)\n    at TracingChannel.tracePromise (node:diagnostics_channel:350:14)","timestamp":"2026-08-19 16:53:04"}
{"level":"info","message":"MongoDB connected: ac-wp8elny-shard-00-02.vftguqk.mongodb.net","timestamp":"2026-08-19 16:54:55"}
{"level":"info","message":"Socket.IO initialized successfully","timestamp":"2026-08-19 16:54:55"}
{"level":"info","message":"Server running on http://localhost:5000 [development]","timestamp":"2026-08-19 16:54:55"}
{"level":"info","message":"MongoDB connected: ac-wp8elny-shard-00-00.vftguqk.mongodb.net","timestamp":"2026-08-19 16:56:13"}
{"level":"info","message":"Socket.IO initialized successfully","timestamp":"2026-08-19 16:56:13"}
{"level":"info","message":"Server running on http://localhost:5000 [development]","timestamp":"2026-08-19 16:56:13"}
{"level":"info","message":"MongoDB connected: ac-wp8elny-shard-00-00.vftguqk.mongodb.net","timestamp":"2026-08-19 16:59:33"}
{"level":"info","message":"Socket.IO initialized successfully","timestamp":"2026-08-19 16:59:33"}
{"level":"info","message":"Server running on http://localhost:5000 [development]","timestamp":"2026-08-19 16:59:33"}
{"level":"info","message":"SIGINT received. Shutting down gracefully...","timestamp":"2026-08-19 16:59:34"}
{"level":"info","message":"MongoDB connected: ac-wp8elny-shard-00-00.vftguqk.mongodb.net","timestamp":"2026-08-19 16:59:40"}
{"level":"info","message":"Socket.IO initialized successfully","timestamp":"2026-08-19 16:59:40"}
{"level":"info","message":"Server running on http://localhost:5000 [development]","timestamp":"2026-08-19 16:59:40"}
{"level":"info","message":"Socket authentication successful for user: 6a74ee886c281428b3955a66","timestamp":"2026-08-19 17:00:39"}
{"level":"info","message":"Socket connected: G39Wvj-s7C_SoMYtAAAB (user: 6a74ee886c281428b3955a66)","timestamp":"2026-08-19 17:00:39"}
{"level":"info","message":"send_message received from 6a74ee886c281428b3955a66","timestamp":"2026-08-19 17:00:54"}
{"level":"info","message":"send_message payload: {\"conversationId\":\"6a7af01d51869c00a163c5aa\",\"content\":\"Hello bhai\",\"attachmentIds\":[]}","timestamp":"2026-08-19 17:00:54"}
{"level":"info","message":"Conversation validated: 6a7af01d51869c00a163c5aa","timestamp":"2026-08-19 17:00:54"}
{"level":"info","message":"message.service.js loaded successfully","timestamp":"2026-08-19 17:00:54"}
{"level":"error","message":"Streaming AI generation failed: Gemini API error: This model is currently experiencing high demand. Spikes in demand are usually temporary. Please try again later.","timestamp":"2026-08-19 17:01:01"}
{"level":"info","message":"sendMessageStream completed for conversation 6a7af01d51869c00a163c5aa","timestamp":"2026-08-19 17:01:01"}
{"level":"info","message":"send_message received from 6a74ee886c281428b3955a66","timestamp":"2026-08-19 17:03:39"}
{"level":"info","message":"send_message payload: {\"conversationId\":\"6a7af01d51869c00a163c5aa\",\"content\":\"Hello bhai\",\"attachmentIds\":[]}","timestamp":"2026-08-19 17:03:39"}
{"level":"info","message":"Conversation validated: 6a7af01d51869c00a163c5aa","timestamp":"2026-08-19 17:03:39"}
{"level":"info","message":"message.service.js loaded successfully","timestamp":"2026-08-19 17:03:39"}
{"level":"info","message":"sendMessageStream completed for conversation 6a7af01d51869c00a163c5aa","timestamp":"2026-08-19 17:03:47"}
{"level":"info","message":"send_message received from 6a74ee886c281428b3955a66","timestamp":"2026-08-19 17:05:41"}
{"level":"info","message":"send_message payload: {\"conversationId\":\"6a7af01d51869c00a163c5aa\",\"content\":\"Hello bhai\",\"attachmentIds\":[]}","timestamp":"2026-08-19 17:05:41"}
{"level":"info","message":"Conversation validated: 6a7af01d51869c00a163c5aa","timestamp":"2026-08-19 17:05:41"}
{"level":"info","message":"message.service.js loaded successfully","timestamp":"2026-08-19 17:05:41"}
{"level":"info","message":"sendMessageStream completed for conversation 6a7af01d51869c00a163c5aa","timestamp":"2026-08-19 17:06:03"}
{"level":"info","message":"send_message received from 6a74ee886c281428b3955a66","timestamp":"2026-08-19 17:06:30"}
{"level":"info","message":"send_message payload: {\"conversationId\":\"6a7af01d51869c00a163c5aa\",\"content\":\"Hello bhai\",\"attachmentIds\":[]}","timestamp":"2026-08-19 17:06:30"}
{"level":"info","message":"Conversation validated: 6a7af01d51869c00a163c5aa","timestamp":"2026-08-19 17:06:30"}
{"level":"info","message":"message.service.js loaded successfully","timestamp":"2026-08-19 17:06:30"}
{"level":"error","message":"Streaming AI generation failed: Gemini API error: This model is currently experiencing high demand. Spikes in demand are usually temporary. Please try again later.","timestamp":"2026-08-19 17:06:33"}
{"level":"info","message":"sendMessageStream completed for conversation 6a7af01d51869c00a163c5aa","timestamp":"2026-08-19 17:06:33"}
{"level":"info","message":"SIGINT received. Shutting down gracefully...","timestamp":"2026-08-19 17:07:14"}
{"level":"info","message":"MongoDB connected: ac-wp8elny-shard-00-00.vftguqk.mongodb.net","timestamp":"2026-08-19 17:07:22"}
{"level":"info","message":"Socket.IO initialized successfully","timestamp":"2026-08-19 17:07:22"}
{"level":"info","message":"Server running on http://localhost:5000 [development]","timestamp":"2026-08-19 17:07:22"}
{"level":"http","message":"\u001b[0mPOST /api/v1/auth/login \u001b[32m200\u001b[0m 223.184 ms - 847\u001b[0m","timestamp":"2026-08-19 17:07:41"}
{"level":"info","message":"Socket authentication successful for user: 6a74ee886c281428b3955a66","timestamp":"2026-08-19 17:08:03"}
{"level":"info","message":"Socket connected: qddifeufxxpvrk4nAAAB (user: 6a74ee886c281428b3955a66)","timestamp":"2026-08-19 17:08:03"}
{"level":"info","message":"send_message received from 6a74ee886c281428b3955a66","timestamp":"2026-08-19 17:08:04"}
{"level":"info","message":"send_message payload: {\"conversationId\":\"6a7af01d51869c00a163c5aa\",\"content\":\"Hello bhai\",\"attachmentIds\":[]}","timestamp":"2026-08-19 17:08:04"}
{"level":"info","message":"Conversation validated: 6a7af01d51869c00a163c5aa","timestamp":"2026-08-19 17:08:04"}
{"level":"info","message":"message.service.js loaded successfully","timestamp":"2026-08-19 17:08:04"}
{"level":"info","message":"send_message received from 6a74ee886c281428b3955a66","timestamp":"2026-08-19 17:08:09"}
{"level":"info","message":"send_message payload: {\"conversationId\":\"6a7af01d51869c00a163c5aa\",\"content\":\"Hello bhai\",\"attachmentIds\":[]}","timestamp":"2026-08-19 17:08:09"}
{"level":"info","message":"Conversation validated: 6a7af01d51869c00a163c5aa","timestamp":"2026-08-19 17:08:09"}
{"level":"info","message":"message.service.js loaded successfully","timestamp":"2026-08-19 17:08:09"}
{"level":"info","message":"sendMessageStream completed for conversation 6a7af01d51869c00a163c5aa","timestamp":"2026-08-19 17:08:10"}
{"level":"info","message":"sendMessageStream completed for conversation 6a7af01d51869c00a163c5aa","timestamp":"2026-08-19 17:08:26"}
{"level":"info","message":"MongoDB connected: ac-wp8elny-shard-00-00.vftguqk.mongodb.net","timestamp":"2026-08-19 17:15:21"}
{"level":"info","message":"Socket.IO initialized successfully","timestamp":"2026-08-19 17:15:21"}
{"level":"info","message":"Server running on http://localhost:5000 [development]","timestamp":"2026-08-19 17:15:21"}
{"level":"info","message":"MongoDB connected: ac-wp8elny-shard-00-00.vftguqk.mongodb.net","timestamp":"2026-08-19 17:15:53"}
{"level":"info","message":"Socket.IO initialized successfully","timestamp":"2026-08-19 17:15:53"}
{"level":"info","message":"Server running on http://localhost:5000 [development]","timestamp":"2026-08-19 17:15:53"}
{"level":"info","message":"SIGINT received. Shutting down gracefully...","timestamp":"2026-08-19 17:15:56"}
{"level":"info","message":"MongoDB connected: ac-wp8elny-shard-00-00.vftguqk.mongodb.net","timestamp":"2026-08-19 17:16:03"}
{"level":"info","message":"Socket.IO initialized successfully","timestamp":"2026-08-19 17:16:03"}
{"level":"info","message":"Server running on http://localhost:5000 [development]","timestamp":"2026-08-19 17:16:03"}
{"level":"info","message":"Socket authentication successful for user: 6a74ee886c281428b3955a66","timestamp":"2026-08-19 17:16:49"}
{"level":"info","message":"Socket connected: INK4KLa1mWhXymnpAAAB (user: 6a74ee886c281428b3955a66)","timestamp":"2026-08-19 17:16:49"}
{"level":"info","message":"Socket disconnected: INK4KLa1mWhXymnpAAAB (user: 6a74ee886c281428b3955a66) reason: transport close","timestamp":"2026-08-19 17:44:34"}
{"level":"info","message":"SIGINT received. Shutting down gracefully...","timestamp":"2026-08-19 17:45:43"}
{"level":"info","message":"MongoDB connected: ac-wp8elny-shard-00-00.vftguqk.mongodb.net","timestamp":"2026-08-19 17:45:48"}
{"level":"info","message":"Socket.IO initialized successfully","timestamp":"2026-08-19 17:45:48"}
{"level":"info","message":"Server running on http://localhost:5000 [development]","timestamp":"2026-08-19 17:45:48"}
{"level":"http","message":"\u001b[0mPOST /api/v1/auth/login \u001b[32m200\u001b[0m 198.959 ms - 847\u001b[0m","timestamp":"2026-08-19 17:45:57"}
{"level":"info","message":"Socket authentication successful for user: 6a74ee886c281428b3955a66","timestamp":"2026-08-19 17:46:16"}
{"level":"info","message":"Socket connected: 9mUbX_SGZcuKHBVYAAAB (user: 6a74ee886c281428b3955a66)","timestamp":"2026-08-19 17:46:16"}
{"level":"info","message":"send_message received from 6a74ee886c281428b3955a66","timestamp":"2026-08-19 17:46:55"}
{"level":"info","message":"send_message payload: {\"conversationId\":\"6a7af01d51869c00a163c5aa\",\"content\":\"Hello bhai\",\"attachmentIds\":[]}","timestamp":"2026-08-19 17:46:55"}
{"level":"info","message":"Conversation validated: 6a7af01d51869c00a163c5aa","timestamp":"2026-08-19 17:46:55"}
{"level":"info","message":"Loading message.service.js...","timestamp":"2026-08-19 17:46:55"}
{"level":"info","message":"message.service.js loaded successfully","timestamp":"2026-08-19 17:46:55"}
{"level":"info","message":"Calling sendMessageStream...","timestamp":"2026-08-19 17:46:55"}
{"level":"error","message":"Streaming AI generation failed: Gemini API error: This model is currently experiencing high demand. Spikes in demand are usually temporary. Please try again later.","timestamp":"2026-08-19 17:47:01"}
{"level":"info","message":"sendMessageStream completed for conversation 6a7af01d51869c00a163c5aa","timestamp":"2026-08-19 17:47:01"}
{"level":"info","message":"MongoDB connected: ac-wp8elny-shard-00-02.vftguqk.mongodb.net","timestamp":"2026-08-19 17:49:06"}
{"level":"info","message":"Socket.IO initialized successfully","timestamp":"2026-08-19 17:49:06"}
{"level":"info","message":"Server running on http://localhost:5000 [development]","timestamp":"2026-08-19 17:49:06"}
{"level":"info","message":"MongoDB connected: ac-wp8elny-shard-00-00.vftguqk.mongodb.net","timestamp":"2026-08-19 17:52:03"}
{"level":"info","message":"Socket.IO initialized successfully","timestamp":"2026-08-19 17:52:03"}
{"level":"info","message":"Server running on http://localhost:5000 [development]","timestamp":"2026-08-19 17:52:03"}
{"level":"info","message":"SIGINT received. Shutting down gracefully...","timestamp":"2026-08-19 17:52:05"}
{"level":"info","message":"MongoDB connected: ac-wp8elny-shard-00-00.vftguqk.mongodb.net","timestamp":"2026-08-19 17:52:09"}
{"level":"info","message":"Socket.IO initialized successfully","timestamp":"2026-08-19 17:52:09"}
{"level":"info","message":"Server running on http://localhost:5000 [development]","timestamp":"2026-08-19 17:52:09"}
{"level":"info","message":"Socket authentication successful for user: 6a74ee886c281428b3955a66","timestamp":"2026-08-19 17:52:34"}
{"level":"info","message":"Socket connected: m3p-y3umRDVSUAUQAAAB (user: 6a74ee886c281428b3955a66)","timestamp":"2026-08-19 17:52:34"}
{"level":"info","message":"send_message received from 6a74ee886c281428b3955a66","timestamp":"2026-08-19 17:52:58"}
{"level":"info","message":"send_message payload: {\"conversationId\":\"6a7af01d51869c00a163c5aa\",\"content\":\"Hello bhai\",\"attachmentIds\":[]}","timestamp":"2026-08-19 17:52:58"}
{"level":"info","message":"Conversation validated: 6a7af01d51869c00a163c5aa","timestamp":"2026-08-19 17:52:58"}
{"level":"info","message":"Loading message.service.js...","timestamp":"2026-08-19 17:52:58"}
{"level":"info","message":"message.service.js loaded successfully","timestamp":"2026-08-19 17:52:58"}
{"level":"info","message":"Calling sendMessageStream...","timestamp":"2026-08-19 17:52:58"}
{"level":"info","message":"sendMessageStream completed for conversation 6a7af01d51869c00a163c5aa","timestamp":"2026-08-19 17:53:18"}
{"level":"info","message":"MongoDB connected: ac-wp8elny-shard-00-01.vftguqk.mongodb.net","timestamp":"2026-08-19 17:56:48"}
{"level":"info","message":"Socket.IO initialized successfully","timestamp":"2026-08-19 17:56:48"}
{"level":"info","message":"Server running on http://localhost:5000 [development]","timestamp":"2026-08-19 17:56:48"}
{"level":"info","message":"MongoDB connected: ac-wp8elny-shard-00-02.vftguqk.mongodb.net","timestamp":"2026-08-19 17:59:00"}
{"level":"info","message":"Socket.IO initialized successfully","timestamp":"2026-08-19 17:59:00"}
{"level":"info","message":"Server running on http://localhost:5000 [development]","timestamp":"2026-08-19 17:59:00"}
{"level":"info","message":"MongoDB connected: ac-wp8elny-shard-00-01.vftguqk.mongodb.net","timestamp":"2026-08-19 17:59:36"}
{"level":"info","message":"Socket.IO initialized successfully","timestamp":"2026-08-19 17:59:36"}
{"level":"info","message":"Server running on http://localhost:5000 [development]","timestamp":"2026-08-19 17:59:36"}
{"level":"info","message":"SIGINT received. Shutting down gracefully...","timestamp":"2026-08-19 18:00:00"}
{"level":"info","message":"MongoDB connected: ac-wp8elny-shard-00-00.vftguqk.mongodb.net","timestamp":"2026-08-19 18:00:04"}
{"level":"info","message":"Socket.IO initialized successfully","timestamp":"2026-08-19 18:00:04"}
{"level":"info","message":"Server running on http://localhost:5000 [development]","timestamp":"2026-08-19 18:00:04"}
{"level":"info","message":"MongoDB connected: ac-wp8elny-shard-00-00.vftguqk.mongodb.net","timestamp":"2026-08-19 18:02:53"}
{"level":"info","message":"Socket.IO initialized successfully","timestamp":"2026-08-19 18:02:53"}
{"level":"info","message":"Server running on http://localhost:5000 [development]","timestamp":"2026-08-19 18:02:53"}
{"level":"info","message":"MongoDB connected: ac-wp8elny-shard-00-00.vftguqk.mongodb.net","timestamp":"2026-08-19 18:03:17"}
{"level":"info","message":"Socket.IO initialized successfully","timestamp":"2026-08-19 18:03:17"}
{"level":"info","message":"Server running on http://localhost:5000 [development]","timestamp":"2026-08-19 18:03:17"}
{"level":"http","message":"\u001b[0mPOST /api/v1/auth/login \u001b[32m200\u001b[0m 277.459 ms - 847\u001b[0m","timestamp":"2026-08-19 18:04:12"}
{"level":"info","message":"Socket authentication successful for user: 6a74ee886c281428b3955a66","timestamp":"2026-08-19 18:04:28"}
{"level":"info","message":"Socket connected: fGD-kjbb9FZo9D_aAAAB (user: 6a74ee886c281428b3955a66)","timestamp":"2026-08-19 18:04:28"}
{"level":"info","message":"send_message received from 6a74ee886c281428b3955a66","timestamp":"2026-08-19 18:04:33"}
{"level":"info","message":"send_message payload: {\"conversationId\":\"6a7af01d51869c00a163c5aa\",\"content\":\"Hello bhai23\",\"attachmentIds\":[]}","timestamp":"2026-08-19 18:04:33"}
{"level":"info","message":"Conversation validated: 6a7af01d51869c00a163c5aa","timestamp":"2026-08-19 18:04:34"}
{"level":"info","message":"Loading message.service.js...","timestamp":"2026-08-19 18:04:34"}
{"level":"info","message":"message.service.js loaded successfully","timestamp":"2026-08-19 18:04:34"}
{"level":"info","message":"Calling sendMessageStream...","timestamp":"2026-08-19 18:04:34"}
{"level":"info","message":"sendMessageStream completed for conversation 6a7af01d51869c00a163c5aa","timestamp":"2026-08-19 18:04:55"}
{"level":"info","message":"SIGINT received. Shutting down gracefully...","timestamp":"2026-08-19 18:12:23"}
{"level":"info","message":"MongoDB connected: ac-wp8elny-shard-00-02.vftguqk.mongodb.net","timestamp":"2026-08-19 18:12:34"}
{"level":"info","message":"Socket.IO initialized successfully","timestamp":"2026-08-19 18:12:34"}
{"level":"info","message":"Server running on http://localhost:5000 [development]","timestamp":"2026-08-19 18:12:34"}
{"level":"info","message":"MongoDB connected: ac-wp8elny-shard-00-00.vftguqk.mongodb.net","timestamp":"2026-08-19 18:13:25"}
{"level":"info","message":"Socket.IO initialized successfully","timestamp":"2026-08-19 18:13:25"}
{"level":"info","message":"Server running on http://localhost:5000 [development]","timestamp":"2026-08-19 18:13:25"}
{"level":"http","message":"\u001b[0mPOST /api/v1/auth/login \u001b[32m200\u001b[0m 312.997 ms - 847\u001b[0m","timestamp":"2026-08-19 18:14:42"}
{"level":"info","message":"Socket authentication successful for user: 6a74ee886c281428b3955a66","timestamp":"2026-08-19 18:14:59"}
{"level":"info","message":"Socket connected: T4epA_BHiOppfc6eAAAB (user: 6a74ee886c281428b3955a66)","timestamp":"2026-08-19 18:14:59"}
{"level":"info","message":"send_message received from 6a74ee886c281428b3955a66","timestamp":"2026-08-19 18:15:02"}
{"level":"info","message":"send_message payload: {\"conversationId\":\"6a7af01d51869c00a163c5aa\",\"content\":\"Hello bhai\",\"attachmentIds\":[]}","timestamp":"2026-08-19 18:15:02"}
{"level":"info","message":"Conversation validated: 6a7af01d51869c00a163c5aa","timestamp":"2026-08-19 18:15:02"}
{"level":"info","message":"Loading message.service.js...","timestamp":"2026-08-19 18:15:02"}
{"level":"info","message":"message.service.js loaded successfully","timestamp":"2026-08-19 18:15:02"}
{"level":"info","message":"Calling sendMessageStream...","timestamp":"2026-08-19 18:15:02"}
{"level":"error","message":"Streaming AI generation failed: Gemini API error: This model is currently experiencing high demand. Spikes in demand are usually temporary. Please try again later.","timestamp":"2026-08-19 18:16:33"}
{"level":"info","message":"sendMessageStream completed for conversation 6a7af01d51869c00a163c5aa","timestamp":"2026-08-19 18:16:33"}
{"level":"info","message":"Socket disconnected: T4epA_BHiOppfc6eAAAB (user: 6a74ee886c281428b3955a66) reason: transport close","timestamp":"2026-08-19 18:21:09"}
{"level":"warn","message":"MongoDB disconnected","timestamp":"2026-08-19 18:46:56"}
{"level":"info","message":"MongoDB connected: ac-wp8elny-shard-00-00.vftguqk.mongodb.net","timestamp":"2026-08-19 18:50:30"}
{"level":"info","message":"Socket.IO initialized successfully","timestamp":"2026-08-19 18:50:30"}
{"level":"info","message":"Server running on http://localhost:5000 [development]","timestamp":"2026-08-19 18:50:30"}
{"level":"info","message":"MongoDB connected: ac-wp8elny-shard-00-00.vftguqk.mongodb.net","timestamp":"2026-08-19 18:51:52"}
{"level":"info","message":"Socket.IO initialized successfully","timestamp":"2026-08-19 18:51:52"}
{"level":"info","message":"Server running on http://localhost:5000 [development]","timestamp":"2026-08-19 18:51:52"}
{"level":"http","message":"\u001b[0mPOST /api/v1/auth/login \u001b[32m200\u001b[0m 262.807 ms - 847\u001b[0m","timestamp":"2026-08-19 18:52:24"}
{"level":"info","message":"Socket authentication successful for user: 6a74ee886c281428b3955a66","timestamp":"2026-08-19 18:52:41"}
{"level":"info","message":"Socket connected: 219I2I9ollQBAKytAAAB (user: 6a74ee886c281428b3955a66)","timestamp":"2026-08-19 18:52:41"}
{"level":"info","message":"send_message received from 6a74ee886c281428b3955a66","timestamp":"2026-08-19 18:52:45"}
{"level":"info","message":"send_message payload: {\"conversationId\":\"6a7af01d51869c00a163c5aa\",\"content\":\"Hello bhai\",\"attachmentIds\":[]}","timestamp":"2026-08-19 18:52:45"}
{"level":"info","message":"Conversation validated: 6a7af01d51869c00a163c5aa","timestamp":"2026-08-19 18:52:45"}
{"level":"info","message":"Loading message.service.js...","timestamp":"2026-08-19 18:52:45"}
{"level":"info","message":"message.service.js loaded successfully","timestamp":"2026-08-19 18:52:45"}
{"level":"info","message":"Calling sendMessageStream...","timestamp":"2026-08-19 18:52:45"}
{"level":"info","message":"sendMessageStream completed for conversation 6a7af01d51869c00a163c5aa","timestamp":"2026-08-19 18:52:49"}
{"level":"info","message":"MongoDB connected: ac-wp8elny-shard-00-00.vftguqk.mongodb.net","timestamp":"2026-08-19 19:07:08"}
{"level":"info","message":"Socket.IO initialized successfully","timestamp":"2026-08-19 19:07:08"}
{"level":"info","message":"Server running on http://localhost:5000 [development]","timestamp":"2026-08-19 19:07:08"}
{"level":"info","message":"SIGINT received. Shutting down gracefully...","timestamp":"2026-08-19 19:09:39"}
{"level":"info","message":"MongoDB connected: ac-wp8elny-shard-00-02.vftguqk.mongodb.net","timestamp":"2026-08-20 11:41:23"}
{"level":"info","message":"Socket.IO initialized successfully","timestamp":"2026-08-20 11:41:23"}
{"level":"info","message":"Server running on http://localhost:5000 [development]","timestamp":"2026-08-20 11:41:23"}
{"level":"warn","message":"MongoDB disconnected","timestamp":"2026-08-20 12:55:56"}
{"level":"info","message":"MongoDB connected: ac-wp8elny-shard-00-02.vftguqk.mongodb.net","timestamp":"2026-08-20 13:26:18"}
{"level":"info","message":"Socket.IO initialized successfully","timestamp":"2026-08-20 13:26:18"}
{"level":"info","message":"Server running on http://localhost:5000 [development]","timestamp":"2026-08-20 13:26:18"}
{"level":"info","message":"MongoDB connected: ac-wp8elny-shard-00-00.vftguqk.mongodb.net","timestamp":"2026-08-20 13:26:25"}
{"level":"info","message":"Socket.IO initialized successfully","timestamp":"2026-08-20 13:26:25"}
{"level":"info","message":"Server running on http://localhost:5000 [development]","timestamp":"2026-08-20 13:26:25"}
{"level":"info","message":"MongoDB connected: ac-wp8elny-shard-00-00.vftguqk.mongodb.net","timestamp":"2026-08-20 13:26:27"}
{"level":"info","message":"Socket.IO initialized successfully","timestamp":"2026-08-20 13:26:27"}
{"level":"info","message":"Server running on http://localhost:5000 [development]","timestamp":"2026-08-20 13:26:27"}
{"level":"info","message":"MongoDB connected: ac-wp8elny-shard-00-00.vftguqk.mongodb.net","timestamp":"2026-08-20 13:26:33"}
{"level":"info","message":"Socket.IO initialized successfully","timestamp":"2026-08-20 13:26:33"}
{"level":"info","message":"Server running on http://localhost:5000 [development]","timestamp":"2026-08-20 13:26:33"}
{"level":"info","message":"MongoDB connected: ac-wp8elny-shard-00-00.vftguqk.mongodb.net","timestamp":"2026-08-20 13:26:35"}
{"level":"info","message":"Socket.IO initialized successfully","timestamp":"2026-08-20 13:26:35"}
{"level":"info","message":"Server running on http://localhost:5000 [development]","timestamp":"2026-08-20 13:26:35"}
{"level":"info","message":"MongoDB connected: ac-wp8elny-shard-00-00.vftguqk.mongodb.net","timestamp":"2026-08-20 13:27:11"}
{"level":"info","message":"Socket.IO initialized successfully","timestamp":"2026-08-20 13:27:11"}
{"level":"info","message":"Server running on http://localhost:5000 [development]","timestamp":"2026-08-20 13:27:11"}
{"level":"info","message":"MongoDB connected: ac-wp8elny-shard-00-00.vftguqk.mongodb.net","timestamp":"2026-08-20 13:27:19"}
{"level":"info","message":"Socket.IO initialized successfully","timestamp":"2026-08-20 13:27:19"}
{"level":"info","message":"Server running on http://localhost:5000 [development]","timestamp":"2026-08-20 13:27:19"}
{"level":"info","message":"MongoDB connected: ac-wp8elny-shard-00-00.vftguqk.mongodb.net","timestamp":"2026-08-20 13:27:37"}
{"level":"info","message":"Socket.IO initialized successfully","timestamp":"2026-08-20 13:27:37"}
{"level":"info","message":"Server running on http://localhost:5000 [development]","timestamp":"2026-08-20 13:27:37"}
{"level":"info","message":"MongoDB connected: ac-wp8elny-shard-00-00.vftguqk.mongodb.net","timestamp":"2026-08-20 13:27:43"}
{"level":"info","message":"Socket.IO initialized successfully","timestamp":"2026-08-20 13:27:43"}
{"level":"info","message":"Server running on http://localhost:5000 [development]","timestamp":"2026-08-20 13:27:43"}
{"level":"info","message":"MongoDB connected: ac-wp8elny-shard-00-00.vftguqk.mongodb.net","timestamp":"2026-08-20 13:27:47"}
{"level":"info","message":"Socket.IO initialized successfully","timestamp":"2026-08-20 13:27:47"}
{"level":"info","message":"Server running on http://localhost:5000 [development]","timestamp":"2026-08-20 13:27:47"}
{"level":"info","message":"MongoDB connected: ac-wp8elny-shard-00-00.vftguqk.mongodb.net","timestamp":"2026-08-20 13:28:04"}
{"level":"info","message":"Socket.IO initialized successfully","timestamp":"2026-08-20 13:28:04"}
{"level":"info","message":"Server running on http://localhost:5000 [development]","timestamp":"2026-08-20 13:28:04"}
{"level":"info","message":"MongoDB connected: ac-wp8elny-shard-00-00.vftguqk.mongodb.net","timestamp":"2026-08-20 13:28:11"}
{"level":"info","message":"Socket.IO initialized successfully","timestamp":"2026-08-20 13:28:11"}
{"level":"info","message":"Server running on http://localhost:5000 [development]","timestamp":"2026-08-20 13:28:11"}
{"level":"info","message":"MongoDB connected: ac-wp8elny-shard-00-00.vftguqk.mongodb.net","timestamp":"2026-08-20 13:28:41"}
{"level":"info","message":"Socket.IO initialized successfully","timestamp":"2026-08-20 13:28:41"}
{"level":"info","message":"Server running on http://localhost:5000 [development]","timestamp":"2026-08-20 13:28:41"}
{"level":"info","message":"MongoDB connected: ac-wp8elny-shard-00-00.vftguqk.mongodb.net","timestamp":"2026-08-20 13:28:43"}
{"level":"info","message":"Socket.IO initialized successfully","timestamp":"2026-08-20 13:28:43"}
{"level":"info","message":"Server running on http://localhost:5000 [development]","timestamp":"2026-08-20 13:28:43"}
{"level":"info","message":"MongoDB connected: ac-wp8elny-shard-00-00.vftguqk.mongodb.net","timestamp":"2026-08-20 13:28:48"}
{"level":"info","message":"Socket.IO initialized successfully","timestamp":"2026-08-20 13:28:48"}
{"level":"info","message":"Server running on http://localhost:5000 [development]","timestamp":"2026-08-20 13:28:48"}
{"level":"info","message":"MongoDB connected: ac-wp8elny-shard-00-00.vftguqk.mongodb.net","timestamp":"2026-08-20 13:29:02"}
{"level":"info","message":"Socket.IO initialized successfully","timestamp":"2026-08-20 13:29:02"}
{"level":"info","message":"Server running on http://localhost:5000 [development]","timestamp":"2026-08-20 13:29:02"}
{"level":"info","message":"MongoDB connected: ac-wp8elny-shard-00-00.vftguqk.mongodb.net","timestamp":"2026-08-20 13:29:08"}
{"level":"info","message":"Socket.IO initialized successfully","timestamp":"2026-08-20 13:29:08"}
{"level":"info","message":"Server running on http://localhost:5000 [development]","timestamp":"2026-08-20 13:29:08"}
{"level":"info","message":"MongoDB connected: ac-wp8elny-shard-00-02.vftguqk.mongodb.net","timestamp":"2026-08-20 13:29:22"}
{"level":"info","message":"Socket.IO initialized successfully","timestamp":"2026-08-20 13:29:22"}
{"level":"info","message":"Server running on http://localhost:5000 [development]","timestamp":"2026-08-20 13:29:22"}
{"level":"info","message":"MongoDB connected: ac-wp8elny-shard-00-00.vftguqk.mongodb.net","timestamp":"2026-08-20 13:29:26"}
{"level":"info","message":"Socket.IO initialized successfully","timestamp":"2026-08-20 13:29:26"}
{"level":"info","message":"Server running on http://localhost:5000 [development]","timestamp":"2026-08-20 13:29:26"}
{"level":"info","message":"MongoDB connected: ac-wp8elny-shard-00-00.vftguqk.mongodb.net","timestamp":"2026-08-20 13:29:42"}
{"level":"info","message":"Socket.IO initialized successfully","timestamp":"2026-08-20 13:29:42"}
{"level":"info","message":"Server running on http://localhost:5000 [development]","timestamp":"2026-08-20 13:29:42"}
{"level":"info","message":"MongoDB connected: ac-wp8elny-shard-00-00.vftguqk.mongodb.net","timestamp":"2026-08-20 13:29:47"}
{"level":"info","message":"Socket.IO initialized successfully","timestamp":"2026-08-20 13:29:47"}
{"level":"info","message":"Server running on http://localhost:5000 [development]","timestamp":"2026-08-20 13:29:47"}
{"level":"info","message":"MongoDB connected: ac-wp8elny-shard-00-01.vftguqk.mongodb.net","timestamp":"2026-08-20 13:29:59"}
{"level":"info","message":"Socket.IO initialized successfully","timestamp":"2026-08-20 13:29:59"}
{"level":"info","message":"Server running on http://localhost:5000 [development]","timestamp":"2026-08-20 13:29:59"}
{"level":"info","message":"MongoDB connected: ac-wp8elny-shard-00-00.vftguqk.mongodb.net","timestamp":"2026-08-20 13:30:04"}
{"level":"info","message":"Socket.IO initialized successfully","timestamp":"2026-08-20 13:30:04"}
{"level":"info","message":"Server running on http://localhost:5000 [development]","timestamp":"2026-08-20 13:30:04"}
{"level":"info","message":"MongoDB connected: ac-wp8elny-shard-00-00.vftguqk.mongodb.net","timestamp":"2026-08-20 13:30:38"}
{"level":"info","message":"Socket.IO initialized successfully","timestamp":"2026-08-20 13:30:38"}
{"level":"info","message":"Server running on http://localhost:5000 [development]","timestamp":"2026-08-20 13:30:38"}
{"level":"info","message":"MongoDB connected: ac-wp8elny-shard-00-02.vftguqk.mongodb.net","timestamp":"2026-08-20 13:31:06"}
{"level":"info","message":"Socket.IO initialized successfully","timestamp":"2026-08-20 13:31:06"}
{"level":"info","message":"Server running on http://localhost:5000 [development]","timestamp":"2026-08-20 13:31:06"}
{"level":"info","message":"MongoDB connected: ac-wp8elny-shard-00-00.vftguqk.mongodb.net","timestamp":"2026-08-20 13:31:24"}
{"level":"info","message":"Socket.IO initialized successfully","timestamp":"2026-08-20 13:31:24"}
{"level":"info","message":"Server running on http://localhost:5000 [development]","timestamp":"2026-08-20 13:31:24"}
{"level":"info","message":"MongoDB connected: ac-wp8elny-shard-00-00.vftguqk.mongodb.net","timestamp":"2026-08-20 13:31:49"}
{"level":"info","message":"Socket.IO initialized successfully","timestamp":"2026-08-20 13:31:49"}
{"level":"info","message":"Server running on http://localhost:5000 [development]","timestamp":"2026-08-20 13:31:49"}
{"level":"info","message":"MongoDB connected: ac-wp8elny-shard-00-00.vftguqk.mongodb.net","timestamp":"2026-08-20 13:32:05"}
{"level":"info","message":"Socket.IO initialized successfully","timestamp":"2026-08-20 13:32:05"}
{"level":"info","message":"Server running on http://localhost:5000 [development]","timestamp":"2026-08-20 13:32:05"}
{"level":"info","message":"MongoDB connected: ac-wp8elny-shard-00-00.vftguqk.mongodb.net","timestamp":"2026-08-20 13:32:25"}
{"level":"info","message":"Socket.IO initialized successfully","timestamp":"2026-08-20 13:32:25"}
{"level":"info","message":"Server running on http://localhost:5000 [development]","timestamp":"2026-08-20 13:32:25"}
{"level":"info","message":"MongoDB connected: ac-wp8elny-shard-00-00.vftguqk.mongodb.net","timestamp":"2026-08-20 13:32:52"}
{"level":"info","message":"Socket.IO initialized successfully","timestamp":"2026-08-20 13:32:52"}
{"level":"info","message":"Server running on http://localhost:5000 [development]","timestamp":"2026-08-20 13:32:52"}
{"level":"info","message":"MongoDB connected: ac-wp8elny-shard-00-01.vftguqk.mongodb.net","timestamp":"2026-08-20 13:32:54"}
{"level":"info","message":"Socket.IO initialized successfully","timestamp":"2026-08-20 13:32:54"}
{"level":"info","message":"Server running on http://localhost:5000 [development]","timestamp":"2026-08-20 13:32:54"}
{"level":"info","message":"MongoDB connected: ac-wp8elny-shard-00-00.vftguqk.mongodb.net","timestamp":"2026-08-20 13:33:09"}
{"level":"info","message":"Socket.IO initialized successfully","timestamp":"2026-08-20 13:33:09"}
{"level":"info","message":"Server running on http://localhost:5000 [development]","timestamp":"2026-08-20 13:33:09"}
{"level":"info","message":"MongoDB connected: ac-wp8elny-shard-00-00.vftguqk.mongodb.net","timestamp":"2026-08-20 13:33:25"}
{"level":"info","message":"Socket.IO initialized successfully","timestamp":"2026-08-20 13:33:25"}
{"level":"info","message":"Server running on http://localhost:5000 [development]","timestamp":"2026-08-20 13:33:25"}
{"level":"info","message":"MongoDB connected: ac-wp8elny-shard-00-00.vftguqk.mongodb.net","timestamp":"2026-08-20 13:34:13"}
{"level":"info","message":"Socket.IO initialized successfully","timestamp":"2026-08-20 13:34:13"}
{"level":"info","message":"Server running on http://localhost:5000 [development]","timestamp":"2026-08-20 13:34:13"}
{"level":"info","message":"SIGINT received. Shutting down gracefully...","timestamp":"2026-08-20 13:34:35"}
{"level":"info","message":"MongoDB connected: ac-wp8elny-shard-00-00.vftguqk.mongodb.net","timestamp":"2026-08-20 13:34:42"}
{"level":"info","message":"Socket.IO initialized successfully","timestamp":"2026-08-20 13:34:42"}
{"level":"info","message":"Server running on http://localhost:5000 [development]","timestamp":"2026-08-20 13:34:42"}
{"level":"http","message":"\u001b[0mPOST /api/v1/auth/login \u001b[32m200\u001b[0m 210.132 ms - 847\u001b[0m","timestamp":"2026-08-20 13:40:31"}
{"level":"error","message":"POST /api/v1/notifications -> 404: Route not found: /api/v1/notifications","timestamp":"2026-08-20 13:41:38"}
{"level":"http","message":"\u001b[0mPOST /api/v1/notifications \u001b[33m404\u001b[0m 24.368 ms - -\u001b[0m","timestamp":"2026-08-20 13:41:38"}
{"level":"error","message":"POST /api/v1/notifications -> 404: Route not found: /api/v1/notifications","timestamp":"2026-08-20 13:42:25"}
{"level":"http","message":"\u001b[0mPOST /api/v1/notifications \u001b[33m404\u001b[0m 23.861 ms - -\u001b[0m","timestamp":"2026-08-20 13:42:25"}
{"level":"info","message":"MongoDB connected: ac-wp8elny-shard-00-00.vftguqk.mongodb.net","timestamp":"2026-08-20 13:44:36"}
{"level":"info","message":"Socket.IO initialized successfully","timestamp":"2026-08-20 13:44:37"}
{"level":"info","message":"Server running on http://localhost:5000 [development]","timestamp":"2026-08-20 13:44:37"}
{"level":"info","message":"MongoDB connected: ac-wp8elny-shard-00-01.vftguqk.mongodb.net","timestamp":"2026-08-20 13:45:04"}
{"level":"info","message":"Socket.IO initialized successfully","timestamp":"2026-08-20 13:45:04"}
{"level":"info","message":"Server running on http://localhost:5000 [development]","timestamp":"2026-08-20 13:45:04"}
{"level":"info","message":"MongoDB connected: ac-wp8elny-shard-00-00.vftguqk.mongodb.net","timestamp":"2026-08-20 13:45:41"}
{"level":"info","message":"Socket.IO initialized successfully","timestamp":"2026-08-20 13:45:41"}
{"level":"info","message":"Server running on http://localhost:5000 [development]","timestamp":"2026-08-20 13:45:41"}
{"level":"info","message":"MongoDB connected: ac-wp8elny-shard-00-00.vftguqk.mongodb.net","timestamp":"2026-08-20 13:45:59"}
{"level":"info","message":"Socket.IO initialized successfully","timestamp":"2026-08-20 13:45:59"}
{"level":"info","message":"Server running on http://localhost:5000 [development]","timestamp":"2026-08-20 13:45:59"}
{"level":"info","message":"SIGINT received. Shutting down gracefully...","timestamp":"2026-08-20 13:46:06"}
{"level":"info","message":"MongoDB connected: ac-wp8elny-shard-00-00.vftguqk.mongodb.net","timestamp":"2026-08-20 13:46:10"}
{"level":"info","message":"Socket.IO initialized successfully","timestamp":"2026-08-20 13:46:10"}
{"level":"info","message":"Server running on http://localhost:5000 [development]","timestamp":"2026-08-20 13:46:10"}
{"level":"warn","message":"MongoDB disconnected","timestamp":"2026-08-20 13:53:49"}
{"level":"info","message":"MongoDB connected: ac-wp8elny-shard-00-00.vftguqk.mongodb.net","timestamp":"2026-08-20 13:57:05"}
{"level":"info","message":"Socket.IO initialized successfully","timestamp":"2026-08-20 13:57:05"}
{"level":"info","message":"Server running on http://localhost:5000 [development]","timestamp":"2026-08-20 13:57:05"}
{"level":"warn","message":"MongoDB disconnected","timestamp":"2026-08-20 14:11:15"}
{"level":"info","message":"SIGINT received. Shutting down gracefully...","timestamp":"2026-08-20 14:25:04"}
{"level":"info","message":"MongoDB connected: ac-wp8elny-shard-00-00.vftguqk.mongodb.net","timestamp":"2026-08-20 14:25:09"}
{"level":"info","message":"Socket.IO initialized successfully","timestamp":"2026-08-20 14:25:09"}
{"level":"info","message":"Server running on http://localhost:5000 [development]","timestamp":"2026-08-20 14:25:09"}
{"level":"http","message":"\u001b[0mPOST /api/v1/auth/login \u001b[32m200\u001b[0m 220.172 ms - 847\u001b[0m","timestamp":"2026-08-20 14:25:25"}
{"level":"http","message":"\u001b[0mGET /api/v1/notifications \u001b[32m200\u001b[0m 58.189 ms - 167\u001b[0m","timestamp":"2026-08-20 14:25:43"}
{"level":"http","message":"\u001b[0mPATCH /api/v1/notifications/read-all \u001b[32m200\u001b[0m 95.554 ms - 71\u001b[0m","timestamp":"2026-08-20 14:28:03"}
{"level":"error","message":"POST /api/v1/reports -> 400: Validation failed","timestamp":"2026-08-20 14:33:02"}
{"level":"http","message":"\u001b[0mPOST /api/v1/reports \u001b[33m400\u001b[0m 37.002 ms - -\u001b[0m","timestamp":"2026-08-20 14:33:02"}
{"level":"http","message":"\u001b[0mGET /api/v1/conversations/6a7af01d51869c00a163c5aa/messages \u001b[32m200\u001b[0m 258.302 ms - -\u001b[0m","timestamp":"2026-08-20 14:34:30"}
{"level":"info","message":"SIGINT received. Shutting down gracefully...","timestamp":"2026-08-20 14:35:05"}
{"level":"info","message":"MongoDB connected: ac-wp8elny-shard-00-00.vftguqk.mongodb.net","timestamp":"2026-08-20 14:35:10"}
{"level":"info","message":"Socket.IO initialized successfully","timestamp":"2026-08-20 14:35:10"}
{"level":"info","message":"Server running on http://localhost:5000 [development]","timestamp":"2026-08-20 14:35:10"}
{"level":"info","message":"MongoDB connected: ac-wp8elny-shard-00-01.vftguqk.mongodb.net","timestamp":"2026-08-20 14:38:17"}
{"level":"info","message":"Socket.IO initialized successfully","timestamp":"2026-08-20 14:38:17"}
{"level":"info","message":"Server running on http://localhost:5000 [development]","timestamp":"2026-08-20 14:38:17"}
{"level":"http","message":"\u001b[0mPOST /api/v1/reports \u001b[32m201\u001b[0m 272.953 ms - 383\u001b[0m","timestamp":"2026-08-20 14:38:40"}
{"level":"info","message":"MongoDB connected: ac-wp8elny-shard-00-01.vftguqk.mongodb.net","timestamp":"2026-08-20 18:44:22"}
{"level":"info","message":"Socket.IO initialized successfully","timestamp":"2026-08-20 18:44:22"}
{"level":"info","message":"Server running on http://localhost:5000 [development]","timestamp":"2026-08-20 18:44:22"}
{"level":"http","message":"\u001b[0mPOST /api/v1/auth/login \u001b[32m200\u001b[0m 233.409 ms - 847\u001b[0m","timestamp":"2026-08-20 18:44:29"}
{"level":"http","message":"\u001b[0mGET /api/v1/reports \u001b[32m200\u001b[0m 78.951 ms - 500\u001b[0m","timestamp":"2026-08-20 18:45:10"}
{"level":"http","message":"\u001b[0mPOST /api/v1/auth/login \u001b[32m200\u001b[0m 161.565 ms - 847\u001b[0m","timestamp":"2026-08-20 18:46:41"}
{"level":"http","message":"\u001b[0mGET /api/v1/analytics/me/monthly?months=6 \u001b[32m200\u001b[0m 122.023 ms - 148\u001b[0m","timestamp":"2026-08-20 18:46:58"}
{"level":"error","message":"POST /api/v1/messages/6a7af0b251869c00a163c5af/continue -> 400: Only AI responses can be continued","timestamp":"2026-08-20 18:49:45"}
{"level":"http","message":"\u001b[0mPOST /api/v1/messages/6a7af0b251869c00a163c5af/continue \u001b[33m400\u001b[0m 50.090 ms - 565\u001b[0m","timestamp":"2026-08-20 18:49:45"}
{"level":"info","message":"MongoDB connected: ac-wp8elny-shard-00-00.vftguqk.mongodb.net","timestamp":"2026-08-20 18:51:47"}
{"level":"info","message":"Socket.IO initialized successfully","timestamp":"2026-08-20 18:51:47"}
{"level":"info","message":"Server running on http://localhost:5000 [development]","timestamp":"2026-08-20 18:51:47"}
{"level":"info","message":"MongoDB connected: ac-wp8elny-shard-00-00.vftguqk.mongodb.net","timestamp":"2026-08-20 18:52:47"}
{"level":"info","message":"Socket.IO initialized successfully","timestamp":"2026-08-20 18:52:47"}
{"level":"info","message":"Server running on http://localhost:5000 [development]","timestamp":"2026-08-20 18:52:47"}
{"level":"info","message":"MongoDB connected: ac-wp8elny-shard-00-00.vftguqk.mongodb.net","timestamp":"2026-08-20 18:52:49"}
{"level":"info","message":"Socket.IO initialized successfully","timestamp":"2026-08-20 18:52:49"}
{"level":"info","message":"Server running on http://localhost:5000 [development]","timestamp":"2026-08-20 18:52:49"}
{"level":"info","message":"SIGINT received. Shutting down gracefully...","timestamp":"2026-08-20 19:00:58"}
{"level":"info","message":"MongoDB connected: ac-wp8elny-shard-00-02.vftguqk.mongodb.net","timestamp":"2026-08-20 19:01:03"}
{"level":"info","message":"Socket.IO initialized successfully","timestamp":"2026-08-20 19:01:03"}
{"level":"info","message":"Server running on http://localhost:5000 [development]","timestamp":"2026-08-20 19:01:03"}
{"level":"http","message":"\u001b[0mPOST /api/v1/messages/6a7af3027300fbb52ae654ac/continue \u001b[32m200\u001b[0m 19843.983 ms - -\u001b[0m","timestamp":"2026-08-20 19:01:33"}
{"level":"warn","message":"MongoDB disconnected","timestamp":"2026-08-20 19:05:59"}
{"level":"http","message":"\u001b[0mPOST /api/v1/auth/login \u001b[32m200\u001b[0m 612.248 ms - 847\u001b[0m","timestamp":"2026-08-20 19:09:03"}
{"level":"error","message":"GET /api/v1/admin/conversations -> 404: Route not found: /api/v1/admin/conversations","timestamp":"2026-08-20 19:09:28"}
{"level":"http","message":"\u001b[0mGET /api/v1/admin/conversations \u001b[33m404\u001b[0m 37.795 ms - -\u001b[0m","timestamp":"2026-08-20 19:09:28"}
{"level":"http","message":"\u001b[0mPOST /api/v1/auth/login \u001b[32m200\u001b[0m 221.029 ms - 847\u001b[0m","timestamp":"2026-08-20 19:11:45"}
{"level":"error","message":"GET /api/v1/admin/conversations -> 404: Route not found: /api/v1/admin/conversations","timestamp":"2026-08-20 19:12:12"}
{"level":"http","message":"\u001b[0mGET /api/v1/admin/conversations \u001b[33m404\u001b[0m 29.788 ms - -\u001b[0m","timestamp":"2026-08-20 19:12:12"}
{"level":"info","message":"SIGINT received. Shutting down gracefully...","timestamp":"2026-08-20 19:14:10"}
{"level":"info","message":"MongoDB connected: ac-wp8elny-shard-00-00.vftguqk.mongodb.net","timestamp":"2026-08-20 19:14:15"}
{"level":"info","message":"Socket.IO initialized successfully","timestamp":"2026-08-20 19:14:15"}
{"level":"info","message":"Server running on http://localhost:5000 [development]","timestamp":"2026-08-20 19:14:15"}
{"level":"info","message":"MongoDB connected: ac-wp8elny-shard-00-01.vftguqk.mongodb.net","timestamp":"2026-08-20 19:16:09"}
{"level":"info","message":"Socket.IO initialized successfully","timestamp":"2026-08-20 19:16:09"}
{"level":"info","message":"Server running on http://localhost:5000 [development]","timestamp":"2026-08-20 19:16:09"}
{"level":"info","message":"MongoDB connected: ac-wp8elny-shard-00-00.vftguqk.mongodb.net","timestamp":"2026-08-20 19:16:20"}
{"level":"info","message":"Socket.IO initialized successfully","timestamp":"2026-08-20 19:16:20"}
{"level":"info","message":"Server running on http://localhost:5000 [development]","timestamp":"2026-08-20 19:16:20"}
{"level":"info","message":"SIGINT received. Shutting down gracefully...","timestamp":"2026-08-20 19:17:15"}
{"level":"info","message":"MongoDB connected: ac-wp8elny-shard-00-00.vftguqk.mongodb.net","timestamp":"2026-08-20 19:17:20"}
{"level":"info","message":"Socket.IO initialized successfully","timestamp":"2026-08-20 19:17:20"}
{"level":"info","message":"Server running on http://localhost:5000 [development]","timestamp":"2026-08-20 19:17:20"}
{"level":"http","message":"\u001b[0mGET /api/v1/admin/conversations \u001b[32m200\u001b[0m 112.460 ms - -\u001b[0m","timestamp":"2026-08-20 19:17:26"}
{"level":"http","message":"\u001b[0mGET /api/v1/admin/files?page=1&limit=10 \u001b[32m200\u001b[0m 73.746 ms - -\u001b[0m","timestamp":"2026-08-20 19:19:11"}
{"level":"warn","message":"MongoDB disconnected","timestamp":"2026-08-20 19:54:53"}
{"level":"warn","message":"MongoDB disconnected","timestamp":"2026-08-20 21:08:10"}
{"level":"info","message":"SIGINT received. Shutting down gracefully...","timestamp":"2026-08-20 21:20:57"}
{"level":"info","message":"MongoDB connected: ac-wp8elny-shard-00-01.vftguqk.mongodb.net","timestamp":"2026-08-20 21:21:07"}
{"level":"info","message":"Socket.IO initialized successfully","timestamp":"2026-08-20 21:21:07"}
{"level":"info","message":"Server running on http://localhost:5000 [development]","timestamp":"2026-08-20 21:21:07"}
{"level":"info","message":"SIGINT received. Shutting down gracefully...","timestamp":"2026-08-20 21:21:08"}
{"level":"info","message":"MongoDB connected: ac-wp8elny-shard-00-00.vftguqk.mongodb.net","timestamp":"2026-08-21 11:26:56"}
{"level":"info","message":"Socket.IO initialized successfully","timestamp":"2026-08-21 11:26:56"}
{"level":"info","message":"Server running on http://localhost:5000 [development]","timestamp":"2026-08-21 11:26:56"}
{"level":"error","message":"GET /api/v1/auth/google -> 404: Route not found: /api/v1/auth/google","timestamp":"2026-08-21 11:28:34"}
{"level":"http","message":"\u001b[0mGET /api/v1/auth/google \u001b[33m404\u001b[0m 28.398 ms - -\u001b[0m","timestamp":"2026-08-21 11:28:34"}
{"level":"error","message":"GET /favicon.ico -> 404: Route not found: /favicon.ico","timestamp":"2026-08-21 11:28:34"}
{"level":"http","message":"\u001b[0mGET /favicon.ico \u001b[33m404\u001b[0m 1.875 ms - -\u001b[0m","timestamp":"2026-08-21 11:28:34"}
{"level":"info","message":"SIGINT received. Shutting down gracefully...","timestamp":"2026-08-21 11:29:23"}
{"level":"info","message":"MongoDB connected: ac-wp8elny-shard-00-02.vftguqk.mongodb.net","timestamp":"2026-08-21 11:34:08"}
{"level":"info","message":"Socket.IO initialized successfully","timestamp":"2026-08-21 11:34:08"}
{"level":"info","message":"Server running on http://localhost:5000 [development]","timestamp":"2026-08-21 11:34:08"}
{"level":"info","message":"MongoDB connected: ac-wp8elny-shard-00-01.vftguqk.mongodb.net","timestamp":"2026-08-21 11:35:11"}
{"level":"info","message":"Socket.IO initialized successfully","timestamp":"2026-08-21 11:35:11"}
{"level":"info","message":"Server running on http://localhost:5000 [development]","timestamp":"2026-08-21 11:35:11"}
{"level":"info","message":"MongoDB connected: ac-wp8elny-shard-00-00.vftguqk.mongodb.net","timestamp":"2026-08-21 11:36:08"}
{"level":"info","message":"Socket.IO initialized successfully","timestamp":"2026-08-21 11:36:08"}
{"level":"info","message":"Server running on http://localhost:5000 [development]","timestamp":"2026-08-21 11:36:08"}
{"level":"warn","message":"MongoDB disconnected","timestamp":"2026-08-21 22:09:01"}
{"level":"info","message":"MongoDB connected: ac-wp8elny-shard-00-02.vftguqk.mongodb.net","timestamp":"2026-08-21 22:23:35"}
{"level":"info","message":"Socket.IO initialized successfully","timestamp":"2026-08-21 22:23:35"}
{"level":"info","message":"Server running on http://localhost:5000 [development]","timestamp":"2026-08-21 22:23:35"}
{"level":"warn","message":"MongoDB disconnected","timestamp":"2026-08-22 10:50:51"}
{"level":"info","message":"SIGINT received. Shutting down gracefully...","timestamp":"2026-08-22 10:50:57"}
{"level":"info","message":"MongoDB connected: ac-wp8elny-shard-00-00.vftguqk.mongodb.net","timestamp":"2026-08-22 10:51:31"}
{"level":"info","message":"Socket.IO initialized successfully","timestamp":"2026-08-22 10:51:31"}
{"level":"info","message":"Server running on http://localhost:5000 [development]","timestamp":"2026-08-22 10:51:31"}
{"level":"warn","message":"MongoDB disconnected","timestamp":"2026-08-22 13:28:12"}
{"level":"info","message":"SIGINT received. Shutting down gracefully...","timestamp":"2026-08-22 13:46:47"}
{"level":"info","message":"MongoDB connected: ac-wp8elny-shard-00-00.vftguqk.mongodb.net","timestamp":"2026-08-22 13:47:40"}
{"level":"info","message":"Socket.IO initialized successfully","timestamp":"2026-08-22 13:47:40"}
{"level":"info","message":"Server running on http://localhost:5000 [development]","timestamp":"2026-08-22 13:47:40"}
{"level":"info","message":"SIGINT received. Shutting down gracefully...","timestamp":"2026-08-22 13:54:12"}
{"level":"info","message":"MongoDB connected: ac-wp8elny-shard-00-00.vftguqk.mongodb.net","timestamp":"2026-08-22 13:54:30"}
{"level":"info","message":"Socket.IO initialized successfully","timestamp":"2026-08-22 13:54:30"}
{"level":"info","message":"Server running on http://localhost:5000 [development]","timestamp":"2026-08-22 13:54:30"}
{"level":"info","message":"MongoDB connected: ac-wp8elny-shard-00-00.vftguqk.mongodb.net","timestamp":"2026-08-22 13:56:08"}
{"level":"info","message":"Socket.IO initialized successfully","timestamp":"2026-08-22 13:56:08"}
{"level":"info","message":"Server running on http://localhost:5000 [development]","timestamp":"2026-08-22 13:56:08"}
{"level":"info","message":"SIGINT received. Shutting down gracefully...","timestamp":"2026-08-22 14:09:23"}
{"level":"info","message":"MongoDB connected: ac-wp8elny-shard-00-00.vftguqk.mongodb.net","timestamp":"2026-08-22 14:09:31"}
{"level":"info","message":"Socket.IO initialized successfully","timestamp":"2026-08-22 14:09:31"}
{"level":"info","message":"Server running on http://localhost:5000 [development]","timestamp":"2026-08-22 14:09:31"}
{"level":"info","message":"SIGINT received. Shutting down gracefully...","timestamp":"2026-08-22 14:13:46"}
{"level":"info","message":"MongoDB connected: ac-wp8elny-shard-00-01.vftguqk.mongodb.net","timestamp":"2026-08-22 14:30:16"}
{"level":"info","message":"Socket.IO initialized successfully","timestamp":"2026-08-22 14:30:16"}
{"level":"info","message":"Server running on http://localhost:5000 [development]","timestamp":"2026-08-22 14:30:16"}
{"level":"warn","message":"MongoDB disconnected","timestamp":"2026-08-22 16:44:31"}
{"level":"info","message":"MongoDB connected: ac-wp8elny-shard-00-02.vftguqk.mongodb.net","timestamp":"2026-08-22 19:27:19"}
{"level":"info","message":"Socket.IO initialized successfully","timestamp":"2026-08-22 19:27:19"}
{"level":"info","message":"Server running on http://localhost:5000 [development]","timestamp":"2026-08-22 19:27:19"}
{"level":"http","message":"\u001b[0mPOST /api/v1/auth/login \u001b[32m200\u001b[0m 208.308 ms - 847\u001b[0m","timestamp":"2026-08-22 19:27:28"}
{"level":"http","message":"\u001b[0mPOST /api/v1/auth/forgot-password \u001b[32m200\u001b[0m 70.679 ms - 149\u001b[0m","timestamp":"2026-08-22 19:29:07"}
{"level":"warn","message":"MongoDB disconnected","timestamp":"2026-08-22 21:06:12"}
{"level":"warn","message":"MongoDB disconnected","timestamp":"2026-08-23 02:13:07"}
{"level":"warn","message":"MongoDB disconnected","timestamp":"2026-08-23 02:13:10"}
{"level":"http","message":"\u001b[0mPOST /api/v1/auth/login \u001b[32m200\u001b[0m 1328.044 ms - 847\u001b[0m","timestamp":"2026-08-23 02:18:53"}
{"level":"info","message":"MongoDB connected: ac-wp8elny-shard-00-00.vftguqk.mongodb.net","timestamp":"2026-08-23 02:27:47"}
{"level":"info","message":"Socket.IO initialized successfully","timestamp":"2026-08-23 02:27:47"}
{"level":"info","message":"Server running on http://localhost:5000 [development]","timestamp":"2026-08-23 02:27:47"}
{"level":"http","message":"\u001b[0mPOST /api/v1/auth/forgot-password \u001b[32m200\u001b[0m 51.069 ms - 149\u001b[0m","timestamp":"2026-08-23 02:27:57"}
{"level":"warn","message":"SMTP credentials not provided. Email not sent.","timestamp":"2026-08-23 02:29:21"}
{"level":"error","message":"POST /api/v1/auth/forgot-password -> 500: Failed to send password reset email. Please check server email configuration.","timestamp":"2026-08-23 02:29:21"}
{"level":"http","message":"\u001b[0mPOST /api/v1/auth/forgot-password \u001b[31m500\u001b[0m 70.219 ms - 639\u001b[0m","timestamp":"2026-08-23 02:29:21"}
{"level":"warn","message":"SMTP credentials missing. Email features will be disabled.","timestamp":"2026-08-23 02:33:39"}
{"level":"info","message":"MongoDB connected: ac-wp8elny-shard-00-00.vftguqk.mongodb.net","timestamp":"2026-08-23 02:33:40"}
{"level":"info","message":"Socket.IO initialized successfully","timestamp":"2026-08-23 02:33:40"}
{"level":"info","message":"Server running on http://localhost:5000 [development]","timestamp":"2026-08-23 02:33:40"}
{"level":"warn","message":"SMTP credentials missing. Email features will be disabled.","timestamp":"2026-08-23 02:33:47"}
{"level":"info","message":"MongoDB connected: ac-wp8elny-shard-00-00.vftguqk.mongodb.net","timestamp":"2026-08-23 02:33:48"}
{"level":"info","message":"Socket.IO initialized successfully","timestamp":"2026-08-23 02:33:48"}
{"level":"info","message":"Server running on http://localhost:5000 [development]","timestamp":"2026-08-23 02:33:48"}
{"level":"warn","message":"SMTP credentials missing. Email features will be disabled.","timestamp":"2026-08-23 02:34:18"}
{"level":"info","message":"MongoDB connected: ac-wp8elny-shard-00-00.vftguqk.mongodb.net","timestamp":"2026-08-23 02:34:19"}
{"level":"info","message":"Socket.IO initialized successfully","timestamp":"2026-08-23 02:34:19"}
{"level":"info","message":"Server running on http://localhost:5000 [development]","timestamp":"2026-08-23 02:34:19"}
{"level":"info","message":"SIGINT received. Shutting down gracefully...","timestamp":"2026-08-23 02:39:23"}
{"level":"error","message":"SMTP configuration error: Invalid login: 535-5.7.8 Username and Password not accepted. For more information, go to\n535 5.7.8  https://support.google.com/mail/?p=BadCredentials 5a478bee46e88-327f923490bsm15192869eec.26 - gsmtp","timestamp":"2026-08-23 02:39:42"}
{"level":"info","message":"MongoDB connected: ac-wp8elny-shard-00-00.vftguqk.mongodb.net","timestamp":"2026-08-23 02:39:42"}
{"level":"info","message":"Socket.IO initialized successfully","timestamp":"2026-08-23 02:39:42"}
{"level":"info","message":"Server running on http://localhost:5000 [development]","timestamp":"2026-08-23 02:39:42"}
{"level":"info","message":"SIGINT received. Shutting down gracefully...","timestamp":"2026-08-23 02:40:42"}
{"level":"info","message":"MongoDB connected: ac-wp8elny-shard-00-00.vftguqk.mongodb.net","timestamp":"2026-08-23 02:40:49"}
{"level":"info","message":"Socket.IO initialized successfully","timestamp":"2026-08-23 02:40:49"}
{"level":"info","message":"Server running on http://localhost:5000 [development]","timestamp":"2026-08-23 02:40:49"}
{"level":"error","message":"SMTP configuration error: Invalid login: 535-5.7.8 Username and Password not accepted. For more information, go to\n535 5.7.8  https://support.google.com/mail/?p=BadCredentials 5a478bee46e88-327f923615asm9542101eec.29 - gsmtp","timestamp":"2026-08-23 02:40:50"}
{"level":"info","message":"SIGINT received. Shutting down gracefully...","timestamp":"2026-08-23 02:48:36"}
{"level":"info","message":"MongoDB connected: ac-wp8elny-shard-00-02.vftguqk.mongodb.net","timestamp":"2026-08-23 02:48:43"}
{"level":"info","message":"Socket.IO initialized successfully","timestamp":"2026-08-23 02:48:43"}
{"level":"info","message":"Server running on http://localhost:5000 [development]","timestamp":"2026-08-23 02:48:43"}
{"level":"info","message":"SMTP configuration is valid. Ready to send emails.","timestamp":"2026-08-23 02:48:45"}
{"level":"http","message":"\u001b[0mPOST /api/v1/auth/login \u001b[32m200\u001b[0m 341.470 ms - 847\u001b[0m","timestamp":"2026-08-23 02:49:41"}
{"level":"http","message":"\u001b[0mPOST /api/v1/auth/forgot-password \u001b[32m200\u001b[0m 59.092 ms - 149\u001b[0m","timestamp":"2026-08-23 02:49:58"}
{"level":"info","message":"SIGINT received. Shutting down gracefully...","timestamp":"2026-08-23 02:51:30"}
{"level":"info","message":"MongoDB connected: ac-wp8elny-shard-00-01.vftguqk.mongodb.net","timestamp":"2026-08-23 02:51:38"}
{"level":"info","message":"Socket.IO initialized successfully","timestamp":"2026-08-23 02:51:38"}
{"level":"info","message":"Server running on http://localhost:5000 [development]","timestamp":"2026-08-23 02:51:38"}
{"level":"info","message":"SMTP configuration is valid. Ready to send emails.","timestamp":"2026-08-23 02:51:42"}
{"level":"http","message":"\u001b[0mPOST /api/v1/auth/forgot-password \u001b[32m200\u001b[0m 43.717 ms - 149\u001b[0m","timestamp":"2026-08-23 02:51:46"}
{"level":"info","message":"MongoDB connected: ac-wp8elny-shard-00-00.vftguqk.mongodb.net","timestamp":"2026-08-23 12:12:30"}
{"level":"info","message":"Socket.IO initialized successfully","timestamp":"2026-08-23 12:12:30"}
{"level":"info","message":"Server running on http://localhost:5000 [development]","timestamp":"2026-08-23 12:12:30"}
{"level":"info","message":"SMTP configuration is valid. Ready to send emails.","timestamp":"2026-08-23 12:12:32"}
{"level":"http","message":"\u001b[0mPOST /api/v1/auth/login \u001b[32m200\u001b[0m 187.651 ms - 847\u001b[0m","timestamp":"2026-08-23 12:12:41"}
{"level":"http","message":"\u001b[0mPOST /api/v1/auth/forgot-password \u001b[32m200\u001b[0m 23.291 ms - 149\u001b[0m","timestamp":"2026-08-23 12:13:42"}
{"level":"info","message":"MongoDB connected: ac-wp8elny-shard-00-00.vftguqk.mongodb.net","timestamp":"2026-08-23 12:33:47"}
{"level":"info","message":"Socket.IO initialized successfully","timestamp":"2026-08-23 12:33:47"}
{"level":"info","message":"Server running on http://localhost:5000 [development]","timestamp":"2026-08-23 12:33:47"}
{"level":"info","message":"SMTP configuration is valid. Ready to send emails.","timestamp":"2026-08-23 12:33:49"}
{"level":"http","message":"\u001b[0mPOST /api/v1/auth/forgot-password \u001b[32m200\u001b[0m 77.649 ms - 149\u001b[0m","timestamp":"2026-08-23 12:36:20"}
{"level":"info","message":"MongoDB connected: ac-wp8elny-shard-00-00.vftguqk.mongodb.net","timestamp":"2026-08-23 12:47:29"}
{"level":"info","message":"Socket.IO initialized successfully","timestamp":"2026-08-23 12:47:29"}
{"level":"info","message":"Server running on http://localhost:5000 [development]","timestamp":"2026-08-23 12:47:29"}
{"level":"info","message":"SMTP configuration is valid. Ready to send emails.","timestamp":"2026-08-23 12:47:30"}
{"level":"info","message":"SIGINT received. Shutting down gracefully...","timestamp":"2026-08-23 12:48:32"}
{"level":"info","message":"MongoDB connected: ac-wp8elny-shard-00-00.vftguqk.mongodb.net","timestamp":"2026-08-23 12:48:43"}
{"level":"info","message":"Socket.IO initialized successfully","timestamp":"2026-08-23 12:48:43"}
{"level":"info","message":"Server running on http://localhost:5000 [development]","timestamp":"2026-08-23 12:48:43"}
{"level":"info","message":"SMTP configuration is valid. Ready to send emails.","timestamp":"2026-08-23 12:48:45"}
{"level":"http","message":"\u001b[0mPOST /api/v1/auth/forgot-password \u001b[32m200\u001b[0m 34.667 ms - 149\u001b[0m","timestamp":"2026-08-23 12:48:59"}
{"level":"info","message":"MongoDB connected: ac-wp8elny-shard-00-01.vftguqk.mongodb.net","timestamp":"2026-08-23 13:05:26"}
{"level":"info","message":"Socket.IO initialized successfully","timestamp":"2026-08-23 13:05:26"}
{"level":"info","message":"Server running on http://localhost:5000 [development]","timestamp":"2026-08-23 13:05:26"}
{"level":"info","message":"SMTP configuration is valid. Ready to send emails.","timestamp":"2026-08-23 13:05:28"}
{"level":"info","message":"MongoDB connected: ac-wp8elny-shard-00-02.vftguqk.mongodb.net","timestamp":"2026-08-23 13:09:50"}
{"level":"info","message":"Socket.IO initialized successfully","timestamp":"2026-08-23 13:09:50"}
{"level":"info","message":"Server running on http://localhost:5000 [development]","timestamp":"2026-08-23 13:09:50"}
{"level":"info","message":"✅ SMTP connected successfully: ayanshaikh15082007@gmail.com","timestamp":"2026-08-23 13:09:51"}
{"level":"info","message":"MongoDB connected: ac-wp8elny-shard-00-00.vftguqk.mongodb.net","timestamp":"2026-08-23 13:12:57"}
{"level":"info","message":"Socket.IO initialized successfully","timestamp":"2026-08-23 13:12:57"}
{"level":"info","message":"Server running on http://localhost:5000 [development]","timestamp":"2026-08-23 13:12:57"}
{"level":"info","message":"✅ SMTP connected successfully: ayanshaikh15082007@gmail.com","timestamp":"2026-08-23 13:12:58"}
{"level":"info","message":"SIGINT received. Shutting down gracefully...","timestamp":"2026-08-23 13:13:07"}
{"level":"info","message":"MongoDB connected: ac-wp8elny-shard-00-00.vftguqk.mongodb.net","timestamp":"2026-08-23 13:13:14"}
{"level":"info","message":"Socket.IO initialized successfully","timestamp":"2026-08-23 13:13:14"}
{"level":"info","message":"Server running on http://localhost:5000 [development]","timestamp":"2026-08-23 13:13:14"}
{"level":"info","message":"✅ SMTP connected successfully: ayanshaikh15082007@gmail.com","timestamp":"2026-08-23 13:13:15"}
{"level":"http","message":"\u001b[0mPOST /api/v1/auth/forgot-password \u001b[32m200\u001b[0m 40.330 ms - 149\u001b[0m","timestamp":"2026-08-23 13:14:00"}
{"level":"warn","message":"MongoDB disconnected","timestamp":"2026-08-23 13:21:28"}
{"level":"info","message":"SIGINT received. Shutting down gracefully...","timestamp":"2026-08-23 13:35:51"}
{"level":"info","message":"MongoDB connected: ac-wp8elny-shard-00-02.vftguqk.mongodb.net","timestamp":"2026-08-23 13:35:58"}
{"level":"info","message":"Socket.IO initialized successfully","timestamp":"2026-08-23 13:35:58"}
{"level":"info","message":"Server running on http://localhost:5000 [development]","timestamp":"2026-08-23 13:35:58"}
{"level":"info","message":"✅ SMTP connected successfully: ayanshaikh15082007@gmail.com","timestamp":"2026-08-23 13:35:59"}
{"level":"info","message":"MongoDB connected: ac-wp8elny-shard-00-00.vftguqk.mongodb.net","timestamp":"2026-08-23 13:40:24"}
{"level":"info","message":"Socket.IO initialized successfully","timestamp":"2026-08-23 13:40:24"}
{"level":"info","message":"Server running on http://localhost:5000 [development]","timestamp":"2026-08-23 13:40:24"}
{"level":"info","message":"✅ SMTP connected successfully: ayanshaikh15082007@gmail.com","timestamp":"2026-08-23 13:40:25"}
{"level":"info","message":"MongoDB connected: ac-wp8elny-shard-00-00.vftguqk.mongodb.net","timestamp":"2026-08-23 13:40:28"}
{"level":"info","message":"Socket.IO initialized successfully","timestamp":"2026-08-23 13:40:28"}
{"level":"info","message":"Server running on http://localhost:5000 [development]","timestamp":"2026-08-23 13:40:28"}
{"level":"info","message":"✅ SMTP connected successfully: ayanshaikh15082007@gmail.com","timestamp":"2026-08-23 13:40:29"}
{"level":"info","message":"MongoDB connected: ac-wp8elny-shard-00-00.vftguqk.mongodb.net","timestamp":"2026-08-23 13:41:45"}
{"level":"info","message":"Socket.IO initialized successfully","timestamp":"2026-08-23 13:41:45"}
{"level":"info","message":"Server running on http://localhost:5000 [development]","timestamp":"2026-08-23 13:41:45"}
{"level":"info","message":"✅ SMTP connected successfully: ayanshaikh15082007@gmail.com","timestamp":"2026-08-23 13:41:47"}
{"level":"info","message":"MongoDB connected: ac-wp8elny-shard-00-00.vftguqk.mongodb.net","timestamp":"2026-08-23 13:42:21"}
{"level":"info","message":"Socket.IO initialized successfully","timestamp":"2026-08-23 13:42:21"}
{"level":"info","message":"Server running on http://localhost:5000 [development]","timestamp":"2026-08-23 13:42:21"}
{"level":"info","message":"✅ SMTP connected successfully: ayanshaikh15082007@gmail.com","timestamp":"2026-08-23 13:42:22"}
{"level":"info","message":"SIGINT received. Shutting down gracefully...","timestamp":"2026-08-23 13:42:55"}
{"level":"info","message":"MongoDB connected: ac-wp8elny-shard-00-00.vftguqk.mongodb.net","timestamp":"2026-08-23 13:43:02"}
{"level":"info","message":"Socket.IO initialized successfully","timestamp":"2026-08-23 13:43:02"}
{"level":"info","message":"Server running on http://localhost:5000 [development]","timestamp":"2026-08-23 13:43:02"}
{"level":"info","message":"✅ SMTP connected successfully: ayanshaikh15082007@gmail.com","timestamp":"2026-08-23 13:43:03"}
{"level":"info","message":"✅ Email sent successfully to ayanshaikh15082007@gmail.com","timestamp":"2026-08-23 13:43:27"}
{"level":"info","message":"Message ID: <b69d527f-95e7-fa3b-abda-14d14698b492@gmail.com>","timestamp":"2026-08-23 13:43:27"}
{"level":"http","message":"\u001b[0mPOST /api/v1/auth/forgot-password/ \u001b[32m200\u001b[0m 3583.890 ms - 149\u001b[0m","timestamp":"2026-08-23 13:43:27"}
{"level":"info","message":"✅ Email sent successfully to ayanshaikh15082007@gmail.com","timestamp":"2026-08-23 13:43:35"}
{"level":"info","message":"Message ID: <e0ef0ea8-afad-f6dd-f905-d81cc471fe09@gmail.com>","timestamp":"2026-08-23 13:43:35"}
{"level":"http","message":"\u001b[0mPOST /api/v1/auth/forgot-password \u001b[32m200\u001b[0m 4326.956 ms - 149\u001b[0m","timestamp":"2026-08-23 13:43:35"}
{"level":"error","message":"GET /reset-password?token=b429b77f0295f12287f9329e4ee764a03bdb8115087df1fe1c8b9019d01acba2 -> 404: Route not found: /reset-password?token=b429b77f0295f12287f9329e4ee764a03bdb8115087df1fe1c8b9019d01acba2","timestamp":"2026-08-23 13:48:46"}
{"level":"http","message":"\u001b[0mGET /reset-password?token=b429b77f0295f12287f9329e4ee764a03bdb8115087df1fe1c8b9019d01acba2 \u001b[33m404\u001b[0m 3.978 ms - -\u001b[0m","timestamp":"2026-08-23 13:48:46"}
{"level":"error","message":"GET /favicon.ico -> 404: Route not found: /favicon.ico","timestamp":"2026-08-23 13:48:46"}
{"level":"http","message":"\u001b[0mGET /favicon.ico \u001b[33m404\u001b[0m 2.750 ms - -\u001b[0m","timestamp":"2026-08-23 13:48:46"}
{"level":"error","message":"POST /api/v1/auth/reset-password -> 400: Reset token is invalid or has expired","timestamp":"2026-08-23 13:51:07"}
{"level":"http","message":"\u001b[0mPOST /api/v1/auth/reset-password \u001b[33m400\u001b[0m 22.025 ms - 560\u001b[0m","timestamp":"2026-08-23 13:51:07"}
{"level":"info","message":"✅ Email sent successfully to ayanshaikh15082007@gmail.com","timestamp":"2026-08-23 13:52:00"}
{"level":"info","message":"Message ID: <3d69c831-6933-1859-143d-c6dd26aa4983@gmail.com>","timestamp":"2026-08-23 13:52:00"}
{"level":"http","message":"\u001b[0mPOST /api/v1/auth/forgot-password \u001b[32m200\u001b[0m 3368.454 ms - 149\u001b[0m","timestamp":"2026-08-23 13:52:00"}
{"level":"error","message":"GET /reset-password?token=c0f54c3244ae912f323612280a18b92c43e629846379af42b211254fa9fbcf0f -> 404: Route not found: /reset-password?token=c0f54c3244ae912f323612280a18b92c43e629846379af42b211254fa9fbcf0f","timestamp":"2026-08-23 13:52:37"}
{"level":"http","message":"\u001b[0mGET /reset-password?token=c0f54c3244ae912f323612280a18b92c43e629846379af42b211254fa9fbcf0f \u001b[33m404\u001b[0m 0.795 ms - -\u001b[0m","timestamp":"2026-08-23 13:52:37"}
{"level":"http","message":"\u001b[0mPOST /api/v1/auth/reset-password \u001b[32m200\u001b[0m 192.290 ms - 123\u001b[0m","timestamp":"2026-08-23 13:53:45"}
{"level":"http","message":"\u001b[0mPOST /api/v1/auth/login \u001b[32m200\u001b[0m 139.420 ms - 847\u001b[0m","timestamp":"2026-08-23 14:09:30"}
{"level":"http","message":"\u001b[0mPOST /api/v1/auth/login \u001b[32m200\u001b[0m 107.813 ms - 847\u001b[0m","timestamp":"2026-08-23 14:09:35"}
{"level":"error","message":"POST /api/v1/auth/send-verification-email -> 404: Route not found: /api/v1/auth/send-verification-email","timestamp":"2026-08-23 14:09:49"}
{"level":"http","message":"\u001b[0mPOST /api/v1/auth/send-verification-email \u001b[33m404\u001b[0m 0.672 ms - -\u001b[0m","timestamp":"2026-08-23 14:09:49"}
{"level":"info","message":"SIGINT received. Shutting down gracefully...","timestamp":"2026-08-23 14:09:55"}
{"level":"info","message":"MongoDB connected: ac-wp8elny-shard-00-01.vftguqk.mongodb.net","timestamp":"2026-08-23 14:10:03"}
{"level":"info","message":"Socket.IO initialized successfully","timestamp":"2026-08-23 14:10:03"}
{"level":"info","message":"Server running on http://localhost:5000 [development]","timestamp":"2026-08-23 14:10:03"}
{"level":"info","message":"✅ SMTP connected successfully: ayanshaikh15082007@gmail.com","timestamp":"2026-08-23 14:10:05"}
{"level":"error","message":"POST /api/v1/auth/send-verification-email -> 404: Route not found: /api/v1/auth/send-verification-email","timestamp":"2026-08-23 14:10:08"}
{"level":"http","message":"\u001b[0mPOST /api/v1/auth/send-verification-email \u001b[33m404\u001b[0m 2.993 ms - -\u001b[0m","timestamp":"2026-08-23 14:10:08"}
{"level":"info","message":"MongoDB connected: ac-wp8elny-shard-00-00.vftguqk.mongodb.net","timestamp":"2026-08-23 14:11:22"}
{"level":"info","message":"Socket.IO initialized successfully","timestamp":"2026-08-23 14:11:22"}
{"level":"info","message":"Server running on http://localhost:5000 [development]","timestamp":"2026-08-23 14:11:22"}
{"level":"info","message":"✅ SMTP connected successfully: ayanshaikh15082007@gmail.com","timestamp":"2026-08-23 14:11:24"}
{"level":"info","message":"MongoDB connected: ac-wp8elny-shard-00-00.vftguqk.mongodb.net","timestamp":"2026-08-23 14:11:46"}
{"level":"info","message":"Socket.IO initialized successfully","timestamp":"2026-08-23 14:11:46"}
{"level":"info","message":"Server running on http://localhost:5000 [development]","timestamp":"2026-08-23 14:11:46"}
{"level":"info","message":"✅ SMTP connected successfully: ayanshaikh15082007@gmail.com","timestamp":"2026-08-23 14:11:48"}
{"level":"info","message":"MongoDB connected: ac-wp8elny-shard-00-00.vftguqk.mongodb.net","timestamp":"2026-08-23 14:12:16"}
{"level":"info","message":"Socket.IO initialized successfully","timestamp":"2026-08-23 14:12:16"}
{"level":"info","message":"Server running on http://localhost:5000 [development]","timestamp":"2026-08-23 14:12:16"}
{"level":"info","message":"✅ SMTP connected successfully: ayanshaikh15082007@gmail.com","timestamp":"2026-08-23 14:12:17"}
{"level":"info","message":"SIGINT received. Shutting down gracefully...","timestamp":"2026-08-23 14:12:21"}
{"level":"info","message":"MongoDB connected: ac-wp8elny-shard-00-00.vftguqk.mongodb.net","timestamp":"2026-08-23 14:12:24"}
{"level":"info","message":"Socket.IO initialized successfully","timestamp":"2026-08-23 14:12:24"}
{"level":"info","message":"Server running on http://localhost:5000 [development]","timestamp":"2026-08-23 14:12:24"}
{"level":"info","message":"✅ SMTP connected successfully: ayanshaikh15082007@gmail.com","timestamp":"2026-08-23 14:12:26"}
{"level":"info","message":"✅ Email sent successfully to rahul@test.com","timestamp":"2026-08-23 14:12:29"}
{"level":"info","message":"Message ID: <dabbf8ac-8487-3dfd-0205-1cb451baa1e9@gmail.com>","timestamp":"2026-08-23 14:12:29"}
{"level":"http","message":"\u001b[0mPOST /api/v1/auth/send-verification-email \u001b[32m200\u001b[0m 3105.282 ms - 135\u001b[0m","timestamp":"2026-08-23 14:12:29"}
{"level":"error","message":"GET /reset-password?token=c0f54c3244ae912f323612280a18b92c43e629846379af42b211254fa9fbcf0f -> 404: Route not found: /reset-password?token=c0f54c3244ae912f323612280a18b92c43e629846379af42b211254fa9fbcf0f","timestamp":"2026-08-23 14:17:23"}
{"level":"http","message":"\u001b[0mGET /reset-password?token=c0f54c3244ae912f323612280a18b92c43e629846379af42b211254fa9fbcf0f \u001b[33m404\u001b[0m 2.500 ms - -\u001b[0m","timestamp":"2026-08-23 14:17:23"}
{"level":"info","message":"SIGINT received. Shutting down gracefully...","timestamp":"2026-08-23 14:18:06"}
{"level":"info","message":"MongoDB connected: ac-wp8elny-shard-00-02.vftguqk.mongodb.net","timestamp":"2026-08-23 14:18:11"}
{"level":"info","message":"Socket.IO initialized successfully","timestamp":"2026-08-23 14:18:11"}
{"level":"info","message":"Server running on http://localhost:5000 [development]","timestamp":"2026-08-23 14:18:11"}
{"level":"info","message":"✅ SMTP connected successfully: ayanshaikh15082007@gmail.com","timestamp":"2026-08-23 14:18:12"}
{"level":"error","message":"GET /verify-email?token=c0f54c3244ae912f323612280a18b92c43e629846379af42b211254fa9fbcf0f -> 404: Route not found: /verify-email?token=c0f54c3244ae912f323612280a18b92c43e629846379af42b211254fa9fbcf0f","timestamp":"2026-08-23 14:18:53"}
{"level":"http","message":"\u001b[0mGET /verify-email?token=c0f54c3244ae912f323612280a18b92c43e629846379af42b211254fa9fbcf0f \u001b[33m404\u001b[0m 2.220 ms - -\u001b[0m","timestamp":"2026-08-23 14:18:53"}
{"level":"error","message":"GET /api/v1/auth/verify-email?token=c0f54c3244ae912f323612280a18b92c43e629846379af42b211254fa9fbcf0f -> 400: Verification token is invalid or has expired","timestamp":"2026-08-23 14:20:01"}
{"level":"http","message":"\u001b[0mGET /api/v1/auth/verify-email?token=c0f54c3244ae912f323612280a18b92c43e629846379af42b211254fa9fbcf0f \u001b[33m400\u001b[0m 26.030 ms - 572\u001b[0m","timestamp":"2026-08-23 14:20:01"}
{"level":"http","message":"\u001b[0mPOST /api/v1/auth/login \u001b[32m200\u001b[0m 158.093 ms - 847\u001b[0m","timestamp":"2026-08-23 14:21:35"}
{"level":"info","message":"✅ Email sent successfully to rahul@test.com","timestamp":"2026-08-23 14:21:53"}
{"level":"info","message":"Message ID: <8f266a67-e235-799c-db83-c272f523966c@gmail.com>","timestamp":"2026-08-23 14:21:53"}
{"level":"http","message":"\u001b[0mPOST /api/v1/auth/send-verification-email \u001b[32m200\u001b[0m 3155.889 ms - 135\u001b[0m","timestamp":"2026-08-23 14:21:53"}
{"level":"error","message":"GET /api/v1/auth/verify-email?token=XXXXXXXX -> 400: Verification token is invalid or has expired","timestamp":"2026-08-23 14:26:25"}
{"level":"http","message":"\u001b[0mGET /api/v1/auth/verify-email?token=XXXXXXXX \u001b[33m400\u001b[0m 24.440 ms - 572\u001b[0m","timestamp":"2026-08-23 14:26:25"}
{"level":"error","message":"GET /api/v1/auth/verify-email?token=ACTUAL_TOKEN -> 400: Verification token is invalid or has expired","timestamp":"2026-08-23 14:26:36"}
{"level":"http","message":"\u001b[0mGET /api/v1/auth/verify-email?token=ACTUAL_TOKEN \u001b[33m400\u001b[0m 22.348 ms - 572\u001b[0m","timestamp":"2026-08-23 14:26:36"}
{"level":"info","message":"MongoDB connected: ac-wp8elny-shard-00-00.vftguqk.mongodb.net","timestamp":"2026-08-23 14:29:25"}
{"level":"info","message":"Socket.IO initialized successfully","timestamp":"2026-08-23 14:29:25"}
{"level":"info","message":"Server running on http://localhost:5000 [development]","timestamp":"2026-08-23 14:29:25"}
{"level":"info","message":"✅ SMTP connected successfully: ayanshaikh15082007@gmail.com","timestamp":"2026-08-23 14:29:26"}
{"level":"info","message":"MongoDB connected: ac-wp8elny-shard-00-00.vftguqk.mongodb.net","timestamp":"2026-08-23 14:29:55"}
{"level":"info","message":"Socket.IO initialized successfully","timestamp":"2026-08-23 14:29:55"}
{"level":"info","message":"Server running on http://localhost:5000 [development]","timestamp":"2026-08-23 14:29:55"}
{"level":"info","message":"✅ SMTP connected successfully: ayanshaikh15082007@gmail.com","timestamp":"2026-08-23 14:29:56"}
{"level":"info","message":"SIGINT received. Shutting down gracefully...","timestamp":"2026-08-23 14:32:10"}
{"level":"info","message":"MongoDB connected: ac-wp8elny-shard-00-01.vftguqk.mongodb.net","timestamp":"2026-08-23 14:32:16"}
{"level":"info","message":"Socket.IO initialized successfully","timestamp":"2026-08-23 14:32:16"}
{"level":"info","message":"Server running on http://localhost:5000 [development]","timestamp":"2026-08-23 14:32:16"}
{"level":"info","message":"✅ SMTP connected successfully: ayanshaikh15082007@gmail.com","timestamp":"2026-08-23 14:32:17"}
{"level":"info","message":"SIGINT received. Shutting down gracefully...","timestamp":"2026-08-23 14:55:21"}
{"level":"info","message":"MongoDB connected: ac-wp8elny-shard-00-00.vftguqk.mongodb.net","timestamp":"2026-08-23 14:55:54"}
{"level":"info","message":"Socket.IO initialized successfully","timestamp":"2026-08-23 14:55:54"}
{"level":"info","message":"Server running on http://localhost:5000 [development]","timestamp":"2026-08-23 14:55:54"}
{"level":"info","message":"✅ SMTP connected successfully: ayanshaikh15082007@gmail.com","timestamp":"2026-08-23 14:55:56"}
{"level":"http","message":"\u001b[0mPOST /api/v1/auth/login \u001b[32m200\u001b[0m 143.248 ms - 816\u001b[0m","timestamp":"2026-08-23 14:56:42"}
{"level":"info","message":"✅ Email sent successfully to ayanshaikh15082007@gmail.com","timestamp":"2026-08-23 14:57:43"}
{"level":"info","message":"Message ID: <c241a068-fbd6-7a16-0652-36f162958a1a@gmail.com>","timestamp":"2026-08-23 14:57:43"}
{"level":"http","message":"\u001b[0mPOST /api/v1/auth/send-verification-email \u001b[32m200\u001b[0m 3146.523 ms - 135\u001b[0m","timestamp":"2026-08-23 14:57:43"}
{"level":"http","message":"\u001b[0mGET /api/v1/auth/verify-email?token=a52d11d2df273f2de7a4a9bdc56124bfd69dd57d25f73acd2325d440825d3e88 \u001b[32m200\u001b[0m 79.408 ms - 105\u001b[0m","timestamp":"2026-08-23 14:58:03"}
{"level":"error","message":"GET /api/v1/auth/verify-email?token=a52d11d2df273f2de7a4a9bdc56124bfd69dd57d25f73acd2325d440825d3e88 -> 400: Verification token is invalid or has expired","timestamp":"2026-08-23 14:58:25"}
{"level":"http","message":"\u001b[0mGET /api/v1/auth/verify-email?token=a52d11d2df273f2de7a4a9bdc56124bfd69dd57d25f73acd2325d440825d3e88 \u001b[33m400\u001b[0m 19.375 ms - 572\u001b[0m","timestamp":"2026-08-23 14:58:25"}
{"level":"error","message":"GET /api/v1/auth/verify-email?token=a52d11d2df273f2de7a4a9bdc56124bfd69dd57d25f73acd2325d440825d3e88 -> 400: Verification token is invalid or has expired","timestamp":"2026-08-23 14:58:45"}
{"level":"http","message":"\u001b[0mGET /api/v1/auth/verify-email?token=a52d11d2df273f2de7a4a9bdc56124bfd69dd57d25f73acd2325d440825d3e88 \u001b[33m400\u001b[0m 19.848 ms - 572\u001b[0m","timestamp":"2026-08-23 14:58:45"}
{"level":"error","message":"GET /api/v1/auth/verify-email?token=a52d11d2df273f2de7a4a9bdc56124bfd69dd57d25f73acd2325d440825d3e88 -> 400: Verification token is invalid or has expired","timestamp":"2026-08-23 15:01:43"}
{"level":"http","message":"\u001b[0mGET /api/v1/auth/verify-email?token=a52d11d2df273f2de7a4a9bdc56124bfd69dd57d25f73acd2325d440825d3e88 \u001b[33m400\u001b[0m 29.935 ms - 572\u001b[0m","timestamp":"2026-08-23 15:01:43"}
{"level":"info","message":"MongoDB connected: ac-wp8elny-shard-00-01.vftguqk.mongodb.net","timestamp":"2026-08-23 15:03:08"}
{"level":"info","message":"MongoDB connected: ac-wp8elny-shard-00-00.vftguqk.mongodb.net","timestamp":"2026-08-23 15:03:43"}
{"level":"info","message":"Socket.IO initialized successfully","timestamp":"2026-08-23 15:03:43"}
{"level":"info","message":"Server running on http://localhost:5000 [development]","timestamp":"2026-08-23 15:03:43"}
{"level":"info","message":"✅ SMTP connected successfully: ayanshaikh15082007@gmail.com","timestamp":"2026-08-23 15:03:44"}
{"level":"info","message":"MongoDB connected: ac-wp8elny-shard-00-00.vftguqk.mongodb.net","timestamp":"2026-08-23 15:03:57"}
{"level":"info","message":"Socket.IO initialized successfully","timestamp":"2026-08-23 15:03:57"}
{"level":"info","message":"Server running on http://localhost:5000 [development]","timestamp":"2026-08-23 15:03:57"}
{"level":"info","message":"✅ SMTP connected successfully: ayanshaikh15082007@gmail.com","timestamp":"2026-08-23 15:03:59"}
{"level":"info","message":"SIGINT received. Shutting down gracefully...","timestamp":"2026-08-23 15:04:59"}
{"level":"info","message":"MongoDB connected: ac-wp8elny-shard-00-02.vftguqk.mongodb.net","timestamp":"2026-08-23 15:05:03"}
{"level":"info","message":"Socket.IO initialized successfully","timestamp":"2026-08-23 15:05:03"}
{"level":"info","message":"Server running on http://localhost:5000 [development]","timestamp":"2026-08-23 15:05:03"}
{"level":"info","message":"✅ SMTP connected successfully: ayanshaikh15082007@gmail.com","timestamp":"2026-08-23 15:05:04"}
{"level":"error","message":"GET /api/v1/auth/verify-email?token=a52d11d2df273f2de7a4a9bdc56124bfd69dd57d25f73acd2325d440825d3e88 -> 400: Verification token is invalid or has expired","timestamp":"2026-08-23 15:05:12"}
{"level":"http","message":"\u001b[0mGET /api/v1/auth/verify-email?token=a52d11d2df273f2de7a4a9bdc56124bfd69dd57d25f73acd2325d440825d3e88 \u001b[33m400\u001b[0m 46.797 ms - 572\u001b[0m","timestamp":"2026-08-23 15:05:12"}
{"level":"http","message":"\u001b[0mPOST /api/v1/auth/send-verification-email \u001b[32m200\u001b[0m 65.761 ms - 124\u001b[0m","timestamp":"2026-08-23 15:05:32"}
{"level":"http","message":"\u001b[0mPOST /api/v1/auth/login \u001b[32m200\u001b[0m 237.033 ms - 815\u001b[0m","timestamp":"2026-08-23 15:06:56"}
{"level":"http","message":"\u001b[0mGET /api/v1/auth/me \u001b[32m200\u001b[0m 30.419 ms - 394\u001b[0m","timestamp":"2026-08-23 15:07:25"}
{"level":"info","message":"SIGINT received. Shutting down gracefully...","timestamp":"2026-08-23 15:10:21"}
{"level":"info","message":"MongoDB connected: ac-wp8elny-shard-00-02.vftguqk.mongodb.net","timestamp":"2026-08-23 15:10:25"}
{"level":"info","message":"Socket.IO initialized successfully","timestamp":"2026-08-23 15:10:25"}
{"level":"info","message":"Server running on http://localhost:5000 [development]","timestamp":"2026-08-23 15:10:25"}
{"level":"info","message":"✅ SMTP connected successfully: ayanshaikh15082007@gmail.com","timestamp":"2026-08-23 15:10:26"}
{"level":"http","message":"\u001b[0mPOST /api/v1/auth/send-verification-email \u001b[32m200\u001b[0m 99.131 ms - 124\u001b[0m","timestamp":"2026-08-23 15:11:14"}
{"level":"http","message":"\u001b[0mPOST /api/v1/auth/send-verification-email \u001b[32m200\u001b[0m 54.113 ms - 124\u001b[0m","timestamp":"2026-08-23 15:11:19"}
{"level":"warn","message":"MongoDB disconnected","timestamp":"2026-08-23 18:47:07"}
{"level":"info","message":"MongoDB connected: ac-wp8elny-shard-00-02.vftguqk.mongodb.net","timestamp":"2026-08-23 22:20:03"}
{"level":"info","message":"Socket.IO initialized successfully","timestamp":"2026-08-23 22:20:03"}
{"level":"info","message":"Server running on http://localhost:5000 [development]","timestamp":"2026-08-23 22:20:03"}
{"level":"info","message":"✅ SMTP connected successfully: ayanshaikh15082007@gmail.com","timestamp":"2026-08-23 22:20:05"}
{"level":"info","message":"MongoDB connected: ac-wp8elny-shard-00-00.vftguqk.mongodb.net","timestamp":"2026-08-23 22:20:21"}
{"level":"info","message":"Socket.IO initialized successfully","timestamp":"2026-08-23 22:20:21"}
{"level":"info","message":"Server running on http://localhost:5000 [development]","timestamp":"2026-08-23 22:20:21"}
{"level":"info","message":"✅ SMTP connected successfully: ayanshaikh15082007@gmail.com","timestamp":"2026-08-23 22:20:22"}
{"level":"info","message":"MongoDB connected: ac-wp8elny-shard-00-00.vftguqk.mongodb.net","timestamp":"2026-08-23 22:20:45"}
{"level":"info","message":"Socket.IO initialized successfully","timestamp":"2026-08-23 22:20:45"}
{"level":"info","message":"Server running on http://localhost:5000 [development]","timestamp":"2026-08-23 22:20:45"}
{"level":"info","message":"✅ SMTP connected successfully: ayanshaikh15082007@gmail.com","timestamp":"2026-08-23 22:20:46"}
{"level":"info","message":"MongoDB connected: ac-wp8elny-shard-00-00.vftguqk.mongodb.net","timestamp":"2026-08-23 22:21:02"}
{"level":"info","message":"Socket.IO initialized successfully","timestamp":"2026-08-23 22:21:02"}
{"level":"info","message":"Server running on http://localhost:5000 [development]","timestamp":"2026-08-23 22:21:02"}
{"level":"info","message":"✅ SMTP connected successfully: ayanshaikh15082007@gmail.com","timestamp":"2026-08-23 22:21:03"}
{"level":"info","message":"MongoDB connected: ac-wp8elny-shard-00-00.vftguqk.mongodb.net","timestamp":"2026-08-23 22:21:18"}
{"level":"info","message":"Socket.IO initialized successfully","timestamp":"2026-08-23 22:21:18"}
{"level":"info","message":"Server running on http://localhost:5000 [development]","timestamp":"2026-08-23 22:21:18"}
{"level":"info","message":"✅ SMTP connected successfully: ayanshaikh15082007@gmail.com","timestamp":"2026-08-23 22:21:20"}
{"level":"info","message":"MongoDB connected: ac-wp8elny-shard-00-00.vftguqk.mongodb.net","timestamp":"2026-08-23 22:21:27"}
{"level":"info","message":"Socket.IO initialized successfully","timestamp":"2026-08-23 22:21:27"}
{"level":"info","message":"Server running on http://localhost:5000 [development]","timestamp":"2026-08-23 22:21:27"}
{"level":"info","message":"✅ SMTP connected successfully: ayanshaikh15082007@gmail.com","timestamp":"2026-08-23 22:21:28"}
{"level":"info","message":"MongoDB connected: ac-wp8elny-shard-00-00.vftguqk.mongodb.net","timestamp":"2026-08-23 22:22:07"}
{"level":"info","message":"Socket.IO initialized successfully","timestamp":"2026-08-23 22:22:07"}
{"level":"info","message":"Server running on http://localhost:5000 [development]","timestamp":"2026-08-23 22:22:07"}
{"level":"info","message":"✅ SMTP connected successfully: ayanshaikh15082007@gmail.com","timestamp":"2026-08-23 22:22:08"}
{"level":"info","message":"MongoDB connected: ac-wp8elny-shard-00-00.vftguqk.mongodb.net","timestamp":"2026-08-23 22:22:16"}
{"level":"info","message":"Socket.IO initialized successfully","timestamp":"2026-08-23 22:22:16"}
{"level":"info","message":"Server running on http://localhost:5000 [development]","timestamp":"2026-08-23 22:22:16"}
{"level":"info","message":"✅ SMTP connected successfully: ayanshaikh15082007@gmail.com","timestamp":"2026-08-23 22:22:18"}
{"level":"info","message":"MongoDB connected: ac-wp8elny-shard-00-00.vftguqk.mongodb.net","timestamp":"2026-08-23 22:22:54"}
{"level":"info","message":"Socket.IO initialized successfully","timestamp":"2026-08-23 22:22:54"}
{"level":"info","message":"Server running on http://localhost:5000 [development]","timestamp":"2026-08-23 22:22:54"}
{"level":"info","message":"✅ SMTP connected successfully: ayanshaikh15082007@gmail.com","timestamp":"2026-08-23 22:22:56"}
{"level":"info","message":"MongoDB connected: ac-wp8elny-shard-00-01.vftguqk.mongodb.net","timestamp":"2026-08-23 22:39:26"}
{"level":"info","message":"Socket.IO initialized successfully","timestamp":"2026-08-23 22:39:26"}
{"level":"info","message":"Server running on http://localhost:5000 [development]","timestamp":"2026-08-23 22:39:26"}
{"level":"info","message":"✅ SMTP connected successfully: ayanshaikh15082007@gmail.com","timestamp":"2026-08-23 22:39:27"}
{"level":"info","message":"SIGINT received. Shutting down gracefully...","timestamp":"2026-08-23 22:44:48"}
{"level":"info","message":"MongoDB connected: ac-wp8elny-shard-00-00.vftguqk.mongodb.net","timestamp":"2026-08-23 22:44:56"}
{"level":"info","message":"Socket.IO initialized successfully","timestamp":"2026-08-23 22:44:56"}
{"level":"info","message":"Server running on http://localhost:5000 [development]","timestamp":"2026-08-23 22:44:56"}
{"level":"http","message":"\u001b[0mPOST /api/v1/auth/login \u001b[32m200\u001b[0m 242.814 ms - -\u001b[0m","timestamp":"2026-08-23 22:44:57"}
{"level":"info","message":"✅ SMTP connected successfully: ayanshaikh15082007@gmail.com","timestamp":"2026-08-23 22:44:57"}
{"level":"http","message":"\u001b[0mPOST /api/v1/auth/refresh-token \u001b[32m200\u001b[0m 110.314 ms - 491\u001b[0m","timestamp":"2026-08-23 22:46:07"}
{"level":"http","message":"\u001b[0mPOST /api/v1/auth/logout \u001b[32m200\u001b[0m 60.755 ms - 62\u001b[0m","timestamp":"2026-08-23 22:49:35"}
{"level":"warn","message":"MongoDB disconnected","timestamp":"2026-08-24 00:52:38"}
{"level":"info","message":"SIGINT received. Shutting down gracefully...","timestamp":"2026-08-24 00:57:41"}
{"level":"info","message":"MongoDB connected: ac-wp8elny-shard-00-01.vftguqk.mongodb.net","timestamp":"2026-08-24 00:57:49"}
{"level":"info","message":"Socket.IO initialized successfully","timestamp":"2026-08-24 00:57:49"}
{"level":"info","message":"Server running on http://localhost:5000 [development]","timestamp":"2026-08-24 00:57:49"}
{"level":"info","message":"✅ SMTP connected successfully: ayanshaikh15082007@gmail.com","timestamp":"2026-08-24 00:57:51"}
{"level":"http","message":"\u001b[0mPOST /api/v1/auth/login \u001b[32m200\u001b[0m 196.190 ms - -\u001b[0m","timestamp":"2026-08-24 00:58:04"}
{"level":"http","message":"\u001b[0mPATCH /api/v1/users/settings \u001b[32m200\u001b[0m 203.515 ms - -\u001b[0m","timestamp":"2026-08-24 00:59:16"}
{"level":"http","message":"\u001b[0mGET /api/v1/conversations \u001b[32m200\u001b[0m 45.121 ms - 151\u001b[0m","timestamp":"2026-08-24 01:00:46"}
{"level":"http","message":"\u001b[0mPOST /api/v1/conversations \u001b[32m201\u001b[0m 212.229 ms - 467\u001b[0m","timestamp":"2026-08-24 01:02:25"}
{"level":"http","message":"\u001b[0mGET /api/v1/conversations/6a8b4ac92fd240535281db34 \u001b[32m200\u001b[0m 197.927 ms - 467\u001b[0m","timestamp":"2026-08-24 01:03:55"}
{"level":"http","message":"\u001b[0mDELETE /api/v1/conversations/6a8b4ac92fd240535281db34 \u001b[32m200\u001b[0m 146.638 ms - 72\u001b[0m","timestamp":"2026-08-24 01:05:33"}
{"level":"http","message":"\u001b[0mPOST /api/v1/conversations \u001b[32m201\u001b[0m 101.137 ms - 456\u001b[0m","timestamp":"2026-08-24 01:08:40"}
{"level":"http","message":"\u001b[0mPOST /api/v1/conversations/6a8b4c402fd240535281db3c/messages \u001b[32m201\u001b[0m 4380.362 ms - -\u001b[0m","timestamp":"2026-08-24 01:10:30"}
{"level":"http","message":"\u001b[0mPOST /api/v1/auth/login \u001b[32m200\u001b[0m 139.836 ms - -\u001b[0m","timestamp":"2026-08-24 01:11:54"}
{"level":"http","message":"\u001b[0mPOST /api/v1/conversations/6a8b4c402fd240535281db3c/messages \u001b[32m201\u001b[0m 4388.024 ms - -\u001b[0m","timestamp":"2026-08-24 01:12:19"}
{"level":"http","message":"\u001b[0mPATCH /api/v1/messages/6a8b4d162fd240535281db4e \u001b[32m200\u001b[0m 93.063 ms - 527\u001b[0m","timestamp":"2026-08-24 01:15:08"}
{"level":"http","message":"\u001b[0mDELETE /api/v1/messages/6a8b4d162fd240535281db4e \u001b[32m200\u001b[0m 58.259 ms - 67\u001b[0m","timestamp":"2026-08-24 01:16:04"}
{"level":"info","message":"SIGINT received. Shutting down gracefully...","timestamp":"2026-08-24 01:57:45"}
{"level":"info","message":"MongoDB connected: ac-wp8elny-shard-00-00.vftguqk.mongodb.net","timestamp":"2026-08-24 02:14:33"}
{"level":"info","message":"Socket.IO initialized successfully","timestamp":"2026-08-24 02:14:33"}
{"level":"info","message":"Server running on http://localhost:5000 [development]","timestamp":"2026-08-24 02:14:33"}
{"level":"info","message":"✅ SMTP connected successfully: ayanshaikh15082007@gmail.com","timestamp":"2026-08-24 02:14:35"}
{"level":"info","message":"SIGINT received. Shutting down gracefully...","timestamp":"2026-08-24 02:16:41"}
{"level":"info","message":"MongoDB connected: ac-wp8elny-shard-00-00.vftguqk.mongodb.net","timestamp":"2026-08-24 02:16:51"}
{"level":"info","message":"Socket.IO initialized successfully","timestamp":"2026-08-24 02:16:51"}
{"level":"info","message":"Server running on http://localhost:5000 [development]","timestamp":"2026-08-24 02:16:51"}
{"level":"info","message":"✅ SMTP connected successfully: ayanshaikh15082007@gmail.com","timestamp":"2026-08-24 02:16:52"}
{"level":"error","message":"POST /api/v1/auth/login -> 401: Invalid email or password","timestamp":"2026-08-24 02:50:13"}
{"level":"http","message":"\u001b[0mPOST /api/v1/auth/login \u001b[33m401\u001b[0m 259.677 ms - 444\u001b[0m","timestamp":"2026-08-24 02:50:13"}
{"level":"error","message":"POST /api/v1/auth/register -> 400: Validation failed","timestamp":"2026-08-24 02:57:14"}
{"level":"http","message":"\u001b[0mPOST /api/v1/auth/register \u001b[33m400\u001b[0m 4.732 ms - 975\u001b[0m","timestamp":"2026-08-24 02:57:14"}
{"level":"http","message":"\u001b[0mPOST /api/v1/auth/register \u001b[32m201\u001b[0m 544.195 ms - -\u001b[0m","timestamp":"2026-08-24 02:59:29"}
{"level":"http","message":"\u001b[0mGET /api/v1/auth/me \u001b[32m200\u001b[0m 27.588 ms - -\u001b[0m","timestamp":"2026-08-24 02:59:29"}
{"level":"info","message":"Socket authentication successful for user: 6a8b66382d266d00db926106","timestamp":"2026-08-24 02:59:29"}
{"level":"info","message":"Socket connected: rkjJimVehmbPjZa3AAAD (user: 6a8b66382d266d00db926106)","timestamp":"2026-08-24 02:59:29"}
{"level":"info","message":"Socket authentication successful for user: 6a8b66382d266d00db926106","timestamp":"2026-08-24 02:59:29"}
{"level":"info","message":"Socket connected: dQyfVCqCmsQJag9lAAAC (user: 6a8b66382d266d00db926106)","timestamp":"2026-08-24 02:59:29"}
{"level":"http","message":"\u001b[0mGET /api/v1/notifications?page=1&limit=5&unreadOnly=true \u001b[32m200\u001b[0m 66.290 ms - 166\u001b[0m","timestamp":"2026-08-24 02:59:29"}
{"level":"http","message":"\u001b[0mGET /api/v1/conversations?isArchived=false \u001b[32m200\u001b[0m 64.941 ms - 151\u001b[0m","timestamp":"2026-08-24 02:59:29"}
{"level":"http","message":"\u001b[0mGET /api/v1/folders \u001b[32m200\u001b[0m 82.224 ms - 79\u001b[0m","timestamp":"2026-08-24 02:59:29"}
{"level":"http","message":"\u001b[0mGET /api/v1/files \u001b[32m200\u001b[0m 112.256 ms - 75\u001b[0m","timestamp":"2026-08-24 02:59:38"}
{"level":"http","message":"\u001b[0mGET /api/v1/analytics/me/monthly \u001b[32m200\u001b[0m 49.859 ms - 90\u001b[0m","timestamp":"2026-08-24 02:59:49"}
{"level":"http","message":"\u001b[0mGET /api/v1/analytics/me \u001b[32m200\u001b[0m 59.002 ms - 192\u001b[0m","timestamp":"2026-08-24 02:59:49"}
{"level":"http","message":"\u001b[0mGET /api/v1/analytics/me/daily \u001b[32m200\u001b[0m 56.358 ms - 86\u001b[0m","timestamp":"2026-08-24 02:59:49"}
{"level":"error","message":"GET /api/v1/auth/me -> 401: Invalid or expired access token","timestamp":"2026-08-24 03:29:07"}
{"level":"http","message":"\u001b[0mGET /api/v1/auth/me \u001b[33m401\u001b[0m 7.008 ms - -\u001b[0m","timestamp":"2026-08-24 03:29:07"}
{"level":"http","message":"\u001b[0mPOST /api/v1/auth/refresh-token \u001b[32m200\u001b[0m 131.155 ms - 491\u001b[0m","timestamp":"2026-08-24 03:29:07"}
{"level":"http","message":"\u001b[0mGET /api/v1/auth/me \u001b[36m304\u001b[0m 20.363 ms - -\u001b[0m","timestamp":"2026-08-24 03:29:07"}
{"level":"http","message":"\u001b[0mGET /api/v1/conversations?isArchived=false \u001b[36m304\u001b[0m 58.530 ms - -\u001b[0m","timestamp":"2026-08-24 03:29:08"}
{"level":"http","message":"\u001b[0mGET /api/v1/notifications?page=1&limit=5&unreadOnly=true \u001b[36m304\u001b[0m 73.543 ms - -\u001b[0m","timestamp":"2026-08-24 03:29:08"}
{"level":"http","message":"\u001b[0mGET /api/v1/folders \u001b[36m304\u001b[0m 70.706 ms - -\u001b[0m","timestamp":"2026-08-24 03:29:08"}
{"level":"info","message":"Socket disconnected: rkjJimVehmbPjZa3AAAD (user: 6a8b66382d266d00db926106) reason: transport close","timestamp":"2026-08-24 03:36:26"}
{"level":"info","message":"Socket disconnected: dQyfVCqCmsQJag9lAAAC (user: 6a8b66382d266d00db926106) reason: transport close","timestamp":"2026-08-24 03:36:26"}
{"level":"error","message":"Socket authentication error: jwt expired","timestamp":"2026-08-24 03:36:29"}
{"level":"error","message":"Socket authentication error: jwt expired","timestamp":"2026-08-24 03:36:29"}
{"level":"error","message":"GET /api/v1/auth/me -> 401: Invalid or expired access token","timestamp":"2026-08-25 12:50:49"}
{"level":"http","message":"\u001b[0mGET /api/v1/auth/me \u001b[33m401\u001b[0m 4.215 ms - -\u001b[0m","timestamp":"2026-08-25 12:50:49"}
{"level":"http","message":"\u001b[0mPOST /api/v1/auth/refresh-token \u001b[32m200\u001b[0m 267.837 ms - 491\u001b[0m","timestamp":"2026-08-25 12:50:50"}
{"level":"http","message":"\u001b[0mGET /api/v1/auth/me \u001b[36m304\u001b[0m 17.664 ms - -\u001b[0m","timestamp":"2026-08-25 12:50:50"}
{"level":"info","message":"Socket authentication successful for user: 6a8b66382d266d00db926106","timestamp":"2026-08-25 12:50:50"}
{"level":"info","message":"Socket connected: 8V2LZyuYNEIubxg8AAAK (user: 6a8b66382d266d00db926106)","timestamp":"2026-08-25 12:50:50"}
{"level":"http","message":"\u001b[0mGET /api/v1/conversations?isArchived=false \u001b[36m304\u001b[0m 74.946 ms - -\u001b[0m","timestamp":"2026-08-25 12:50:50"}
{"level":"info","message":"Socket authentication successful for user: 6a8b66382d266d00db926106","timestamp":"2026-08-25 12:50:50"}
{"level":"info","message":"Socket connected: 1A9bUQv29xHJ_ZJOAAAL (user: 6a8b66382d266d00db926106)","timestamp":"2026-08-25 12:50:50"}
{"level":"http","message":"\u001b[0mGET /api/v1/folders \u001b[36m304\u001b[0m 199.482 ms - -\u001b[0m","timestamp":"2026-08-25 12:50:50"}
{"level":"http","message":"\u001b[0mGET /api/v1/notifications?page=1&limit=5&unreadOnly=true \u001b[36m304\u001b[0m 264.740 ms - -\u001b[0m","timestamp":"2026-08-25 12:50:50"}
{"level":"http","message":"\u001b[0mGET /api/v1/files \u001b[36m304\u001b[0m 40.162 ms - -\u001b[0m","timestamp":"2026-08-25 12:51:01"}
{"level":"http","message":"\u001b[0mPOST /api/v1/conversations \u001b[32m201\u001b[0m 72.507 ms - 455\u001b[0m","timestamp":"2026-08-25 12:51:09"}
{"level":"info","message":"Socket 1A9bUQv29xHJ_ZJOAAAL joined conversation:6a8d42652d266d00db926147","timestamp":"2026-08-25 12:51:09"}
{"level":"http","message":"\u001b[0mGET /api/v1/conversations?isArchived=false \u001b[32m200\u001b[0m 48.021 ms - 519\u001b[0m","timestamp":"2026-08-25 12:51:09"}
{"level":"http","message":"\u001b[0mGET /api/v1/conversations/6a8d42652d266d00db926147 \u001b[32m200\u001b[0m 52.212 ms - 455\u001b[0m","timestamp":"2026-08-25 12:51:09"}
{"level":"http","message":"\u001b[0mGET /api/v1/conversations/6a8d42652d266d00db926147/messages?page=1&limit=50 \u001b[32m200\u001b[0m 98.140 ms - 141\u001b[0m","timestamp":"2026-08-25 12:51:10"}
{"level":"info","message":"Socket 1A9bUQv29xHJ_ZJOAAAL joined conversation:6a8d42652d266d00db926147","timestamp":"2026-08-25 12:51:10"}
{"level":"info","message":"send_message received from 6a8b66382d266d00db926106","timestamp":"2026-08-25 12:51:14"}
{"level":"info","message":"send_message payload: {\"conversationId\":\"6a8d42652d266d00db926147\",\"content\":\"hi\",\"attachmentIds\":[]}","timestamp":"2026-08-25 12:51:14"}
{"level":"info","message":"Conversation validated: 6a8d42652d266d00db926147","timestamp":"2026-08-25 12:51:14"}
{"level":"info","message":"Loading message.service.js...","timestamp":"2026-08-25 12:51:14"}
{"level":"info","message":"message.service.js loaded successfully","timestamp":"2026-08-25 12:51:14"}
{"level":"info","message":"Calling sendMessageStream...","timestamp":"2026-08-25 12:51:14"}
{"level":"error","message":"AI generation stream failed: Gemini API error: This model is currently experiencing high demand. Spikes in demand are usually temporary. Please try again later.","timestamp":"2026-08-25 12:51:23"}
{"level":"info","message":"sendMessageStream completed for conversation 6a8d42652d266d00db926147","timestamp":"2026-08-25 12:51:23"}
{"level":"http","message":"\u001b[0mGET /api/v1/conversations?isArchived=false \u001b[32m200\u001b[0m 38.914 ms - 519\u001b[0m","timestamp":"2026-08-25 12:51:23"}
{"level":"info","message":"Socket 1A9bUQv29xHJ_ZJOAAAL left conversation:6a8d42652d266d00db926147","timestamp":"2026-08-25 12:52:13"}
{"level":"http","message":"\u001b[0mGET /api/v1/users/profile \u001b[32m200\u001b[0m 22.936 ms - -\u001b[0m","timestamp":"2026-08-25 12:52:13"}
{"level":"http","message":"\u001b[0mGET /api/v1/analytics/me/daily \u001b[32m200\u001b[0m 42.039 ms - 124\u001b[0m","timestamp":"2026-08-25 12:52:23"}
{"level":"http","message":"\u001b[0mGET /api/v1/analytics/me/monthly \u001b[32m200\u001b[0m 44.347 ms - 142\u001b[0m","timestamp":"2026-08-25 12:52:23"}
{"level":"http","message":"\u001b[0mGET /api/v1/analytics/me \u001b[32m200\u001b[0m 194.785 ms - 192\u001b[0m","timestamp":"2026-08-25 12:52:23"}
{"level":"info","message":"Socket disconnected: 8V2LZyuYNEIubxg8AAAK (user: 6a8b66382d266d00db926106) reason: transport close","timestamp":"2026-08-25 12:53:55"}
{"level":"info","message":"Socket disconnected: 1A9bUQv29xHJ_ZJOAAAL (user: 6a8b66382d266d00db926106) reason: transport close","timestamp":"2026-08-25 12:53:55"}
{"level":"http","message":"\u001b[0mGET /api/v1/auth/me \u001b[36m304\u001b[0m 19.564 ms - -\u001b[0m","timestamp":"2026-08-25 12:54:22"}
{"level":"http","message":"\u001b[0mGET /api/v1/conversations?isArchived=false \u001b[36m304\u001b[0m 49.569 ms - -\u001b[0m","timestamp":"2026-08-25 12:54:23"}
{"level":"http","message":"\u001b[0mGET /api/v1/analytics/me \u001b[36m304\u001b[0m 53.938 ms - -\u001b[0m","timestamp":"2026-08-25 12:54:23"}
{"level":"http","message":"\u001b[0mGET /api/v1/analytics/me/monthly \u001b[36m304\u001b[0m 51.789 ms - -\u001b[0m","timestamp":"2026-08-25 12:54:23"}
{"level":"http","message":"\u001b[0mGET /api/v1/analytics/me/daily \u001b[36m304\u001b[0m 51.771 ms - -\u001b[0m","timestamp":"2026-08-25 12:54:23"}
{"level":"http","message":"\u001b[0mGET /api/v1/folders \u001b[36m304\u001b[0m 70.809 ms - -\u001b[0m","timestamp":"2026-08-25 12:54:23"}
{"level":"http","message":"\u001b[0mGET /api/v1/notifications?page=1&limit=5&unreadOnly=true \u001b[36m304\u001b[0m 257.954 ms - -\u001b[0m","timestamp":"2026-08-25 12:54:23"}
{"level":"http","message":"\u001b[0mGET /api/v1/auth/me \u001b[36m304\u001b[0m 20.147 ms - -\u001b[0m","timestamp":"2026-08-25 12:54:55"}
{"level":"http","message":"\u001b[0mGET /api/v1/notifications?page=1&limit=5&unreadOnly=true \u001b[36m304\u001b[0m 53.366 ms - -\u001b[0m","timestamp":"2026-08-25 12:54:55"}
{"level":"http","message":"\u001b[0mGET /api/v1/analytics/me/daily \u001b[36m304\u001b[0m 42.801 ms - -\u001b[0m","timestamp":"2026-08-25 12:54:55"}
{"level":"http","message":"\u001b[0mGET /api/v1/analytics/me/monthly \u001b[36m304\u001b[0m 42.258 ms - -\u001b[0m","timestamp":"2026-08-25 12:54:55"}
{"level":"http","message":"\u001b[0mGET /api/v1/folders \u001b[36m304\u001b[0m 62.185 ms - -\u001b[0m","timestamp":"2026-08-25 12:54:55"}
{"level":"http","message":"\u001b[0mGET /api/v1/conversations?isArchived=false \u001b[36m304\u001b[0m 200.438 ms - -\u001b[0m","timestamp":"2026-08-25 12:54:56"}
{"level":"http","message":"\u001b[0mGET /api/v1/analytics/me \u001b[36m304\u001b[0m 206.930 ms - -\u001b[0m","timestamp":"2026-08-25 12:54:56"}
{"level":"http","message":"\u001b[0mGET /api/v1/auth/me \u001b[36m304\u001b[0m 22.470 ms - -\u001b[0m","timestamp":"2026-08-25 12:55:00"}
{"level":"http","message":"\u001b[0mGET /api/v1/notifications?page=1&limit=5&unreadOnly=true \u001b[36m304\u001b[0m 233.749 ms - -\u001b[0m","timestamp":"2026-08-25 12:55:02"}
{"level":"http","message":"\u001b[0mGET /api/v1/conversations?isArchived=false \u001b[36m304\u001b[0m 229.001 ms - -\u001b[0m","timestamp":"2026-08-25 12:55:02"}
{"level":"http","message":"\u001b[0mGET /api/v1/analytics/me/monthly \u001b[36m304\u001b[0m 41.217 ms - -\u001b[0m","timestamp":"2026-08-25 12:55:02"}
{"level":"http","message":"\u001b[0mGET /api/v1/analytics/me/daily \u001b[36m304\u001b[0m 50.866 ms - -\u001b[0m","timestamp":"2026-08-25 12:55:02"}
{"level":"http","message":"\u001b[0mGET /api/v1/folders \u001b[36m304\u001b[0m 69.134 ms - -\u001b[0m","timestamp":"2026-08-25 12:55:02"}
{"level":"http","message":"\u001b[0mGET /api/v1/analytics/me \u001b[36m304\u001b[0m 205.608 ms - -\u001b[0m","timestamp":"2026-08-25 12:55:02"}
{"level":"http","message":"\u001b[0mGET /api/v1/auth/me \u001b[36m304\u001b[0m 23.412 ms - -\u001b[0m","timestamp":"2026-08-25 12:55:06"}
{"level":"http","message":"\u001b[0mGET /api/v1/notifications?page=1&limit=5&unreadOnly=true \u001b[36m304\u001b[0m 38.654 ms - -\u001b[0m","timestamp":"2026-08-25 12:55:06"}
{"level":"http","message":"\u001b[0mGET /api/v1/conversations?isArchived=false \u001b[36m304\u001b[0m 38.362 ms - -\u001b[0m","timestamp":"2026-08-25 12:55:06"}
{"level":"http","message":"\u001b[0mGET /api/v1/analytics/me \u001b[36m304\u001b[0m 36.140 ms - -\u001b[0m","timestamp":"2026-08-25 12:55:06"}
{"level":"http","message":"\u001b[0mGET /api/v1/analytics/me/daily \u001b[36m304\u001b[0m 34.725 ms - -\u001b[0m","timestamp":"2026-08-25 12:55:06"}
{"level":"http","message":"\u001b[0mGET /api/v1/analytics/me/monthly \u001b[36m304\u001b[0m 37.193 ms - -\u001b[0m","timestamp":"2026-08-25 12:55:06"}
{"level":"http","message":"\u001b[0mGET /api/v1/folders \u001b[36m304\u001b[0m 59.778 ms - -\u001b[0m","timestamp":"2026-08-25 12:55:06"}
{"level":"http","message":"\u001b[0mGET /api/v1/notifications?page=1&limit=20 \u001b[32m200\u001b[0m 49.278 ms - 167\u001b[0m","timestamp":"2026-08-25 12:56:36"}
{"level":"http","message":"\u001b[0mGET /api/v1/files \u001b[36m304\u001b[0m 38.695 ms - -\u001b[0m","timestamp":"2026-08-25 12:56:38"}
{"level":"info","message":"Socket authentication successful for user: 6a8b66382d266d00db926106","timestamp":"2026-08-25 12:56:40"}
{"level":"info","message":"Socket connected: l8I3G8K5MAs9pGbGAAAN (user: 6a8b66382d266d00db926106)","timestamp":"2026-08-25 12:56:40"}
{"level":"info","message":"Socket authentication successful for user: 6a8b66382d266d00db926106","timestamp":"2026-08-25 12:56:40"}
{"level":"info","message":"Socket connected: KZf_xakDWwWYV7sPAAAP (user: 6a8b66382d266d00db926106)","timestamp":"2026-08-25 12:56:40"}
{"level":"http","message":"\u001b[0mPOST /api/v1/conversations \u001b[32m201\u001b[0m 75.310 ms - 472\u001b[0m","timestamp":"2026-08-25 12:56:42"}
{"level":"info","message":"send_message received from 6a8b66382d266d00db926106","timestamp":"2026-08-25 12:56:42"}
{"level":"info","message":"send_message payload: {\"conversationId\":\"6a8d43b22d266d00db9261c3\",\"content\":\"How can I structure a React application cleanly?\",\"attachmentIds\":[]}","timestamp":"2026-08-25 12:56:42"}
{"level":"info","message":"Conversation validated: 6a8d43b22d266d00db9261c3","timestamp":"2026-08-25 12:56:42"}
{"level":"info","message":"Loading message.service.js...","timestamp":"2026-08-25 12:56:42"}
{"level":"info","message":"message.service.js loaded successfully","timestamp":"2026-08-25 12:56:42"}
{"level":"info","message":"Calling sendMessageStream...","timestamp":"2026-08-25 12:56:42"}
{"level":"http","message":"\u001b[0mGET /api/v1/conversations?isArchived=false \u001b[32m200\u001b[0m 53.941 ms - 905\u001b[0m","timestamp":"2026-08-25 12:56:42"}
{"level":"info","message":"Socket KZf_xakDWwWYV7sPAAAP joined conversation:6a8d43b22d266d00db9261c3","timestamp":"2026-08-25 12:56:42"}
{"level":"http","message":"\u001b[0mGET /api/v1/conversations/6a8d43b22d266d00db9261c3 \u001b[32m200\u001b[0m 48.194 ms - 472\u001b[0m","timestamp":"2026-08-25 12:56:42"}
{"level":"http","message":"\u001b[0mGET /api/v1/conversations/6a8d43b22d266d00db9261c3/messages?page=1&limit=50 \u001b[32m200\u001b[0m 86.358 ms - 598\u001b[0m","timestamp":"2026-08-25 12:56:42"}
{"level":"info","message":"sendMessageStream completed for conversation 6a8d43b22d266d00db9261c3","timestamp":"2026-08-25 12:58:40"}
{"level":"http","message":"\u001b[0mGET /api/v1/conversations?isArchived=false \u001b[32m200\u001b[0m 39.503 ms - 905\u001b[0m","timestamp":"2026-08-25 12:58:40"}
{"level":"error","message":"GET /api/v1/auth/me -> 401: Invalid or expired access token","timestamp":"2026-08-25 13:13:50"}
{"level":"http","message":"\u001b[0mGET /api/v1/auth/me \u001b[33m401\u001b[0m 2.038 ms - -\u001b[0m","timestamp":"2026-08-25 13:13:50"}
{"level":"http","message":"\u001b[0mPOST /api/v1/auth/refresh-token \u001b[32m200\u001b[0m 356.505 ms - 491\u001b[0m","timestamp":"2026-08-25 13:13:50"}
{"level":"http","message":"\u001b[0mGET /api/v1/auth/me \u001b[36m304\u001b[0m 23.722 ms - -\u001b[0m","timestamp":"2026-08-25 13:13:50"}
{"level":"info","message":"Socket authentication successful for user: 6a8b66382d266d00db926106","timestamp":"2026-08-25 13:13:51"}
{"level":"info","message":"Socket connected: 3cjEnmTpTJ5m3NEXAAAS (user: 6a8b66382d266d00db926106)","timestamp":"2026-08-25 13:13:51"}
{"level":"info","message":"Socket authentication successful for user: 6a8b66382d266d00db926106","timestamp":"2026-08-25 13:13:51"}
{"level":"info","message":"Socket connected: uFQ2BE8Y1OdmxS5DAAAT (user: 6a8b66382d266d00db926106)","timestamp":"2026-08-25 13:13:51"}
{"level":"http","message":"\u001b[0mGET /api/v1/conversations?isArchived=false \u001b[36m304\u001b[0m 59.769 ms - -\u001b[0m","timestamp":"2026-08-25 13:13:51"}
{"level":"http","message":"\u001b[0mGET /api/v1/folders \u001b[36m304\u001b[0m 65.971 ms - -\u001b[0m","timestamp":"2026-08-25 13:13:51"}
{"level":"http","message":"\u001b[0mGET /api/v1/notifications?page=1&limit=5&unreadOnly=true \u001b[36m304\u001b[0m 63.148 ms - -\u001b[0m","timestamp":"2026-08-25 13:13:51"}
{"level":"http","message":"\u001b[0mGET /api/v1/conversations?isArchived=false&isFavorite=true \u001b[32m200\u001b[0m 87.716 ms - 905\u001b[0m","timestamp":"2026-08-25 13:13:56"}
{"level":"http","message":"\u001b[0mGET /api/v1/conversations?isArchived=true \u001b[32m200\u001b[0m 158.283 ms - 905\u001b[0m","timestamp":"2026-08-25 13:13:58"}
{"level":"http","message":"\u001b[0mPOST /api/v1/folders \u001b[32m201\u001b[0m 82.811 ms - 261\u001b[0m","timestamp":"2026-08-25 13:14:15"}
{"level":"http","message":"\u001b[0mGET /api/v1/folders \u001b[32m200\u001b[0m 105.589 ms - 287\u001b[0m","timestamp":"2026-08-25 13:14:15"}
{"level":"http","message":"\u001b[0mGET /api/v1/conversations?folderId=6a8d47cf2d266d00db9261f4&isArchived=true \u001b[32m200\u001b[0m 127.254 ms - 905\u001b[0m","timestamp":"2026-08-25 13:14:18"}
{"level":"http","message":"\u001b[0mPATCH /api/v1/conversations/6a8d43b22d266d00db9261c3/pin \u001b[32m200\u001b[0m 234.416 ms - 462\u001b[0m","timestamp":"2026-08-25 13:14:31"}
{"level":"http","message":"\u001b[0mGET /api/v1/conversations?folderId=6a8d47cf2d266d00db9261f4&isArchived=true \u001b[32m200\u001b[0m 50.354 ms - 904\u001b[0m","timestamp":"2026-08-25 13:14:32"}
{"level":"http","message":"\u001b[0mDELETE /api/v1/conversations/6a8d43b22d266d00db9261c3 \u001b[32m200\u001b[0m 222.469 ms - 72\u001b[0m","timestamp":"2026-08-25 13:14:35"}
{"level":"http","message":"\u001b[0mGET /api/v1/conversations?folderId=6a8d47cf2d266d00db9261f4&isArchived=true \u001b[32m200\u001b[0m 113.847 ms - 519\u001b[0m","timestamp":"2026-08-25 13:14:35"}
{"level":"http","message":"\u001b[0mDELETE /api/v1/conversations/6a8d42652d266d00db926147 \u001b[32m200\u001b[0m 253.563 ms - 72\u001b[0m","timestamp":"2026-08-25 13:14:39"}
{"level":"http","message":"\u001b[0mGET /api/v1/conversations?folderId=6a8d47cf2d266d00db9261f4&isArchived=true \u001b[32m200\u001b[0m 117.671 ms - 151\u001b[0m","timestamp":"2026-08-25 13:14:39"}
{"level":"error","message":"POST /api/v1/files -> 400: Unsupported file type: text/html","timestamp":"2026-08-25 13:14:52"}
{"level":"http","message":"\u001b[0mPOST /api/v1/files \u001b[33m400\u001b[0m 164.677 ms - -\u001b[0m","timestamp":"2026-08-25 13:14:52"}
{"level":"http","message":"\u001b[0mGET /api/v1/notifications?page=1&limit=20 \u001b[36m304\u001b[0m 141.542 ms - -\u001b[0m","timestamp":"2026-08-25 13:15:03"}
{"level":"info","message":"Socket authentication successful for user: 6a8b66382d266d00db926106","timestamp":"2026-08-25 13:15:09"}
{"level":"info","message":"Socket connected: -pEzMKRqs2OJzM3IAAAV (user: 6a8b66382d266d00db926106)","timestamp":"2026-08-25 13:15:09"}
{"level":"info","message":"Socket authentication successful for user: 6a8b66382d266d00db926106","timestamp":"2026-08-25 13:15:09"}
{"level":"info","message":"Socket connected: 7hYTkyG9XCKR-lH4AAAX (user: 6a8b66382d266d00db926106)","timestamp":"2026-08-25 13:15:09"}
{"level":"http","message":"\u001b[0mGET /api/v1/files \u001b[36m304\u001b[0m 234.590 ms - -\u001b[0m","timestamp":"2026-08-25 13:15:12"}
{"level":"info","message":"Socket authentication successful for user: 6a8b66382d266d00db926106","timestamp":"2026-08-25 13:15:14"}
{"level":"info","message":"Socket connected: AbsUQw1j5twKPKcKAAAZ (user: 6a8b66382d266d00db926106)","timestamp":"2026-08-25 13:15:14"}
{"level":"info","message":"Socket authentication successful for user: 6a8b66382d266d00db926106","timestamp":"2026-08-25 13:15:14"}
{"level":"info","message":"Socket connected: y6QmcD-EEH6wutriAAAb (user: 6a8b66382d266d00db926106)","timestamp":"2026-08-25 13:15:14"}
{"level":"info","message":"Socket disconnected: l8I3G8K5MAs9pGbGAAAN (user: 6a8b66382d266d00db926106) reason: transport close","timestamp":"2026-08-25 13:37:44"}
{"level":"info","message":"Socket disconnected: KZf_xakDWwWYV7sPAAAP (user: 6a8b66382d266d00db926106) reason: transport close","timestamp":"2026-08-25 13:37:44"}
{"level":"info","message":"MongoDB connected: ac-wp8elny-shard-00-00.vftguqk.mongodb.net","timestamp":"2026-08-25 13:45:12"}
{"level":"info","message":"Socket.IO initialized successfully","timestamp":"2026-08-25 13:45:12"}
{"level":"info","message":"Server running on http://localhost:5000 [development]","timestamp":"2026-08-25 13:45:12"}
{"level":"info","message":"✅ SMTP connected successfully: ayanshaikh15082007@gmail.com","timestamp":"2026-08-25 13:45:13"}
{"level":"info","message":"MongoDB connected: ac-wp8elny-shard-00-01.vftguqk.mongodb.net","timestamp":"2026-08-25 14:22:41"}
{"level":"info","message":"MongoDB connected: ac-wp8elny-shard-00-01.vftguqk.mongodb.net","timestamp":"2026-08-25 14:30:48"}
{"level":"info","message":"MongoDB connected: ac-wp8elny-shard-00-00.vftguqk.mongodb.net","timestamp":"2026-08-25 14:30:48"}
{"level":"info","message":"Socket.IO initialized successfully","timestamp":"2026-08-25 14:30:48"}
{"level":"info","message":"Server running on http://localhost:5000 [development]","timestamp":"2026-08-25 14:30:48"}
{"level":"info","message":"✅ SMTP connected successfully: ayanshaikh15082007@gmail.com","timestamp":"2026-08-25 14:30:50"}
{"level":"info","message":"MongoDB connected: ac-wp8elny-shard-00-01.vftguqk.mongodb.net","timestamp":"2026-08-25 14:32:33"}
{"level":"info","message":"Socket.IO initialized successfully","timestamp":"2026-08-25 14:32:33"}
{"level":"info","message":"Server running on http://localhost:5000 [development]","timestamp":"2026-08-25 14:32:33"}
{"level":"info","message":"MongoDB connected: ac-wp8elny-shard-00-01.vftguqk.mongodb.net","timestamp":"2026-08-25 14:32:33"}
{"level":"info","message":"✅ SMTP connected successfully: ayanshaikh15082007@gmail.com","timestamp":"2026-08-25 14:32:34"}
{"level":"info","message":"MongoDB connected: ac-wp8elny-shard-00-00.vftguqk.mongodb.net","timestamp":"2026-08-25 15:23:09"}
{"level":"info","message":"MongoDB connected: ac-wp8elny-shard-00-00.vftguqk.mongodb.net","timestamp":"2026-08-25 15:23:09"}
{"level":"info","message":"Socket.IO initialized successfully","timestamp":"2026-08-25 15:23:09"}
{"level":"info","message":"Server running on http://localhost:5000 [development]","timestamp":"2026-08-25 15:23:09"}
{"level":"info","message":"MongoDB connected: ac-wp8elny-shard-00-00.vftguqk.mongodb.net","timestamp":"2026-08-25 15:23:09"}
{"level":"info","message":"✅ SMTP connected successfully: ayanshaikh15082007@gmail.com","timestamp":"2026-08-25 15:23:11"}
{"level":"info","message":"MongoDB connected: ac-wp8elny-shard-00-00.vftguqk.mongodb.net","timestamp":"2026-08-25 15:23:41"}
{"level":"info","message":"MongoDB connected: ac-wp8elny-shard-00-00.vftguqk.mongodb.net","timestamp":"2026-08-25 15:23:41"}
{"level":"info","message":"Socket.IO initialized successfully","timestamp":"2026-08-25 15:23:41"}
{"level":"info","message":"Server running on http://localhost:5000 [development]","timestamp":"2026-08-25 15:23:41"}
{"level":"info","message":"MongoDB connected: ac-wp8elny-shard-00-00.vftguqk.mongodb.net","timestamp":"2026-08-25 15:23:41"}
{"level":"info","message":"✅ SMTP connected successfully: ayanshaikh15082007@gmail.com","timestamp":"2026-08-25 15:23:42"}
{"level":"info","message":"MongoDB connected: ac-wp8elny-shard-00-01.vftguqk.mongodb.net","timestamp":"2026-08-25 15:23:46"}
{"level":"info","message":"MongoDB connected: ac-wp8elny-shard-00-01.vftguqk.mongodb.net","timestamp":"2026-08-25 15:23:46"}
{"level":"info","message":"Socket.IO initialized successfully","timestamp":"2026-08-25 15:23:46"}
{"level":"info","message":"Server running on http://localhost:5000 [development]","timestamp":"2026-08-25 15:23:46"}
{"level":"info","message":"MongoDB connected: ac-wp8elny-shard-00-00.vftguqk.mongodb.net","timestamp":"2026-08-25 15:23:46"}
{"level":"info","message":"✅ SMTP connected successfully: ayanshaikh15082007@gmail.com","timestamp":"2026-08-25 15:23:47"}
{"level":"info","message":"MongoDB connected: ac-wp8elny-shard-00-00.vftguqk.mongodb.net","timestamp":"2026-08-25 15:24:22"}
{"level":"info","message":"MongoDB connected: ac-wp8elny-shard-00-01.vftguqk.mongodb.net","timestamp":"2026-08-25 15:24:22"}
{"level":"info","message":"Socket.IO initialized successfully","timestamp":"2026-08-25 15:24:22"}
{"level":"info","message":"Server running on http://localhost:5000 [development]","timestamp":"2026-08-25 15:24:22"}
{"level":"info","message":"✅ SMTP connected successfully: ayanshaikh15082007@gmail.com","timestamp":"2026-08-25 15:24:24"}
{"level":"info","message":"MongoDB connected: ac-wp8elny-shard-00-00.vftguqk.mongodb.net","timestamp":"2026-08-25 15:24:34"}
{"level":"info","message":"Socket.IO initialized successfully","timestamp":"2026-08-25 15:24:34"}
{"level":"info","message":"Server running on http://localhost:5000 [development]","timestamp":"2026-08-25 15:24:34"}
{"level":"info","message":"MongoDB connected: ac-wp8elny-shard-00-00.vftguqk.mongodb.net","timestamp":"2026-08-25 15:24:34"}
{"level":"info","message":"✅ SMTP connected successfully: ayanshaikh15082007@gmail.com","timestamp":"2026-08-25 15:24:35"}
{"level":"info","message":"MongoDB connected: ac-wp8elny-shard-00-00.vftguqk.mongodb.net","timestamp":"2026-08-25 15:24:40"}
{"level":"info","message":"Socket.IO initialized successfully","timestamp":"2026-08-25 15:24:40"}
{"level":"info","message":"Server running on http://localhost:5000 [development]","timestamp":"2026-08-25 15:24:40"}
{"level":"info","message":"MongoDB connected: ac-wp8elny-shard-00-02.vftguqk.mongodb.net","timestamp":"2026-08-25 15:24:40"}
{"level":"info","message":"✅ SMTP connected successfully: ayanshaikh15082007@gmail.com","timestamp":"2026-08-25 15:24:41"}
{"level":"info","message":"MongoDB connected: ac-wp8elny-shard-00-01.vftguqk.mongodb.net","timestamp":"2026-08-25 15:24:46"}
{"level":"info","message":"Socket.IO initialized successfully","timestamp":"2026-08-25 15:24:46"}
{"level":"info","message":"Server running on http://localhost:5000 [development]","timestamp":"2026-08-25 15:24:46"}
{"level":"info","message":"MongoDB connected: ac-wp8elny-shard-00-00.vftguqk.mongodb.net","timestamp":"2026-08-25 15:24:46"}
{"level":"info","message":"✅ SMTP connected successfully: ayanshaikh15082007@gmail.com","timestamp":"2026-08-25 15:24:47"}
{"level":"info","message":"MongoDB connected: ac-wp8elny-shard-00-00.vftguqk.mongodb.net","timestamp":"2026-08-25 15:25:34"}
{"level":"info","message":"MongoDB connected: ac-wp8elny-shard-00-00.vftguqk.mongodb.net","timestamp":"2026-08-25 15:26:20"}
{"level":"info","message":"Socket.IO initialized successfully","timestamp":"2026-08-25 15:26:20"}
{"level":"info","message":"Server running on http://localhost:5000 [development]","timestamp":"2026-08-25 15:26:20"}
{"level":"info","message":"✅ SMTP connected successfully: ayanshaikh15082007@gmail.com","timestamp":"2026-08-25 15:26:21"}
{"level":"http","message":"\u001b[0mGET /health \u001b[32m200\u001b[0m 2.574 ms - 108\u001b[0m","timestamp":"2026-08-25 15:27:14"}
{"level":"warn","message":"MongoDB disconnected","timestamp":"2026-08-25 15:47:03"}
{"level":"info","message":"MongoDB connected: ac-wp8elny-shard-00-00.vftguqk.mongodb.net","timestamp":"2026-08-25 16:25:13"}
{"level":"info","message":"MongoDB connected: ac-wp8elny-shard-00-00.vftguqk.mongodb.net","timestamp":"2026-08-25 16:25:13"}
{"level":"info","message":"MongoDB connected: ac-wp8elny-shard-00-00.vftguqk.mongodb.net","timestamp":"2026-08-25 16:25:13"}
{"level":"info","message":"Socket.IO initialized successfully","timestamp":"2026-08-25 16:25:13"}
{"level":"info","message":"Server running on http://localhost:5000 [development]","timestamp":"2026-08-25 16:25:13"}
{"level":"info","message":"✅ SMTP connected successfully: ayanshaikh15082007@gmail.com","timestamp":"2026-08-25 16:25:15"}
{"level":"http","message":"\u001b[0mGET /health \u001b[32m200\u001b[0m 3.864 ms - 108\u001b[0m","timestamp":"2026-08-25 16:25:29"}
{"level":"error","message":"GET /api/v1/unknown-endpoint -> 404: Route not found: /api/v1/unknown-endpoint","timestamp":"2026-08-25 16:25:29"}
{"level":"http","message":"\u001b[0mGET /api/v1/unknown-endpoint \u001b[33m404\u001b[0m 21.929 ms - -\u001b[0m","timestamp":"2026-08-25 16:25:29"}
{"level":"error","message":"GET /api/v1/conversations -> 401: Access token missing. Please log in.","timestamp":"2026-08-25 16:25:29"}
{"level":"http","message":"\u001b[0mGET /api/v1/conversations \u001b[33m401\u001b[0m 8.587 ms - -\u001b[0m","timestamp":"2026-08-25 16:25:29"}
{"level":"error","message":"GET /api/v1/memory -> 401: Access token missing. Please log in.","timestamp":"2026-08-25 16:25:29"}
{"level":"http","message":"\u001b[0mGET /api/v1/memory \u001b[33m401\u001b[0m 3.290 ms - -\u001b[0m","timestamp":"2026-08-25 16:25:29"}
{"level":"error","message":"GET /api/v1/integrations -> 401: Access token missing. Please log in.","timestamp":"2026-08-25 16:25:29"}
{"level":"http","message":"\u001b[0mGET /api/v1/integrations \u001b[33m401\u001b[0m 9.687 ms - -\u001b[0m","timestamp":"2026-08-25 16:25:29"}
{"level":"error","message":"GET /api/v1/analytics/me -> 401: Access token missing. Please log in.","timestamp":"2026-08-25 16:25:29"}
{"level":"http","message":"\u001b[0mGET /api/v1/analytics/me \u001b[33m401\u001b[0m 3.512 ms - -\u001b[0m","timestamp":"2026-08-25 16:25:29"}
{"level":"error","message":"POST /api/v1/csv/analyze -> 401: Access token missing. Please log in.","timestamp":"2026-08-25 16:25:29"}
{"level":"http","message":"\u001b[0mPOST /api/v1/csv/analyze \u001b[33m401\u001b[0m 3.282 ms - -\u001b[0m","timestamp":"2026-08-25 16:25:29"}
{"level":"error","message":"POST /api/v1/ai/summarize -> 401: Access token missing. Please log in.","timestamp":"2026-08-25 16:25:29"}
{"level":"http","message":"\u001b[0mPOST /api/v1/ai/summarize \u001b[33m401\u001b[0m 3.231 ms - -\u001b[0m","timestamp":"2026-08-25 16:25:29"}
{"level":"error","message":"POST /api/v1/vision/analyze -> 401: Access token missing. Please log in.","timestamp":"2026-08-25 16:25:29"}
{"level":"http","message":"\u001b[0mPOST /api/v1/vision/analyze \u001b[33m401\u001b[0m 3.544 ms - -\u001b[0m","timestamp":"2026-08-25 16:25:29"}
{"level":"error","message":"POST /api/v1/research/start -> 401: Access token missing. Please log in.","timestamp":"2026-08-25 16:25:29"}
{"level":"http","message":"\u001b[0mPOST /api/v1/research/start \u001b[33m401\u001b[0m 3.871 ms - -\u001b[0m","timestamp":"2026-08-25 16:25:29"}
{"level":"error","message":"POST /api/v1/voice/tts -> 401: Access token missing. Please log in.","timestamp":"2026-08-25 16:25:29"}
{"level":"http","message":"\u001b[0mPOST /api/v1/voice/tts \u001b[33m401\u001b[0m 3.051 ms - -\u001b[0m","timestamp":"2026-08-25 16:25:29"}
{"level":"error","message":"POST /api/v1/auth/register -> 400: Validation failed","timestamp":"2026-08-25 16:25:29"}
{"level":"http","message":"\u001b[0mPOST /api/v1/auth/register \u001b[33m400\u001b[0m 12.819 ms - -\u001b[0m","timestamp":"2026-08-25 16:25:29"}
{"level":"error","message":"POST /api/v1/ai/summarize -> 401: Invalid or expired access token","timestamp":"2026-08-25 16:25:29"}
{"level":"http","message":"\u001b[0mPOST /api/v1/ai/summarize \u001b[33m401\u001b[0m 7.943 ms - -\u001b[0m","timestamp":"2026-08-25 16:25:29"}
{"level":"error","message":"GET /api/v1/capabilities -> 401: Invalid or expired access token","timestamp":"2026-08-25 16:25:29"}
{"level":"http","message":"\u001b[0mGET /api/v1/capabilities \u001b[33m401\u001b[0m 4.144 ms - -\u001b[0m","timestamp":"2026-08-25 16:25:29"}
{"level":"error","message":"GET /api/v1/integrations -> 401: Invalid or expired access token","timestamp":"2026-08-25 16:25:29"}
{"level":"http","message":"\u001b[0mGET /api/v1/integrations \u001b[33m401\u001b[0m 2.741 ms - -\u001b[0m","timestamp":"2026-08-25 16:25:29"}
{"level":"error","message":"POST /api/v1/csv/analyze -> 401: Invalid or expired access token","timestamp":"2026-08-25 16:25:29"}
{"level":"http","message":"\u001b[0mPOST /api/v1/csv/analyze \u001b[33m401\u001b[0m 3.451 ms - -\u001b[0m","timestamp":"2026-08-25 16:25:29"}
{"level":"error","message":"GET /api/v1/places/search?query=coffee -> 401: Invalid or expired access token","timestamp":"2026-08-25 16:25:29"}
{"level":"http","message":"\u001b[0mGET /api/v1/places/search?query=coffee \u001b[33m401\u001b[0m 4.622 ms - -\u001b[0m","timestamp":"2026-08-25 16:25:29"}
{"level":"info","message":"✅ SMTP connected successfully: ayanshaikh15082007@gmail.com","timestamp":"2026-08-25 16:25:31"}
{"level":"info","message":"MongoDB connected: ac-wp8elny-shard-00-00.vftguqk.mongodb.net","timestamp":"2026-08-25 16:25:43"}
{"level":"info","message":"MongoDB connected: ac-wp8elny-shard-00-00.vftguqk.mongodb.net","timestamp":"2026-08-25 16:25:43"}
{"level":"info","message":"Socket.IO initialized successfully","timestamp":"2026-08-25 16:25:43"}
{"level":"info","message":"Server running on http://localhost:5000 [development]","timestamp":"2026-08-25 16:25:43"}
{"level":"info","message":"MongoDB connected: ac-wp8elny-shard-00-00.vftguqk.mongodb.net","timestamp":"2026-08-25 16:25:44"}
{"level":"info","message":"✅ SMTP connected successfully: ayanshaikh15082007@gmail.com","timestamp":"2026-08-25 16:25:45"}
{"level":"http","message":"\u001b[0mGET /health \u001b[32m200\u001b[0m 4.682 ms - 108\u001b[0m","timestamp":"2026-08-25 16:25:56"}
{"level":"error","message":"GET /api/v1/unknown-endpoint -> 404: Route not found: /api/v1/unknown-endpoint","timestamp":"2026-08-25 16:25:56"}
{"level":"http","message":"\u001b[0mGET /api/v1/unknown-endpoint \u001b[33m404\u001b[0m 17.883 ms - -\u001b[0m","timestamp":"2026-08-25 16:25:56"}
{"level":"error","message":"GET /api/v1/conversations -> 401: Access token missing. Please log in.","timestamp":"2026-08-25 16:25:56"}
{"level":"http","message":"\u001b[0mGET /api/v1/conversations \u001b[33m401\u001b[0m 8.737 ms - -\u001b[0m","timestamp":"2026-08-25 16:25:56"}
{"level":"error","message":"GET /api/v1/memory -> 401: Access token missing. Please log in.","timestamp":"2026-08-25 16:25:56"}
{"level":"http","message":"\u001b[0mGET /api/v1/memory \u001b[33m401\u001b[0m 3.238 ms - -\u001b[0m","timestamp":"2026-08-25 16:25:56"}
{"level":"error","message":"GET /api/v1/integrations -> 401: Access token missing. Please log in.","timestamp":"2026-08-25 16:25:56"}
{"level":"http","message":"\u001b[0mGET /api/v1/integrations \u001b[33m401\u001b[0m 2.855 ms - -\u001b[0m","timestamp":"2026-08-25 16:25:56"}
{"level":"error","message":"GET /api/v1/analytics/me -> 401: Access token missing. Please log in.","timestamp":"2026-08-25 16:25:56"}
{"level":"http","message":"\u001b[0mGET /api/v1/analytics/me \u001b[33m401\u001b[0m 2.838 ms - -\u001b[0m","timestamp":"2026-08-25 16:25:56"}
{"level":"error","message":"POST /api/v1/csv/analyze -> 401: Access token missing. Please log in.","timestamp":"2026-08-25 16:25:56"}
{"level":"http","message":"\u001b[0mPOST /api/v1/csv/analyze \u001b[33m401\u001b[0m 3.482 ms - -\u001b[0m","timestamp":"2026-08-25 16:25:56"}
{"level":"error","message":"POST /api/v1/ai/summarize -> 401: Access token missing. Please log in.","timestamp":"2026-08-25 16:25:56"}
{"level":"http","message":"\u001b[0mPOST /api/v1/ai/summarize \u001b[33m401\u001b[0m 2.674 ms - -\u001b[0m","timestamp":"2026-08-25 16:25:56"}
{"level":"error","message":"POST /api/v1/vision/analyze -> 401: Access token missing. Please log in.","timestamp":"2026-08-25 16:25:56"}
{"level":"http","message":"\u001b[0mPOST /api/v1/vision/analyze \u001b[33m401\u001b[0m 2.783 ms - -\u001b[0m","timestamp":"2026-08-25 16:25:56"}
{"level":"error","message":"POST /api/v1/research/start -> 401: Access token missing. Please log in.","timestamp":"2026-08-25 16:25:56"}
{"level":"http","message":"\u001b[0mPOST /api/v1/research/start \u001b[33m401\u001b[0m 3.840 ms - -\u001b[0m","timestamp":"2026-08-25 16:25:56"}
{"level":"error","message":"POST /api/v1/voice/tts -> 401: Access token missing. Please log in.","timestamp":"2026-08-25 16:25:56"}
{"level":"http","message":"\u001b[0mPOST /api/v1/voice/tts \u001b[33m401\u001b[0m 3.479 ms - -\u001b[0m","timestamp":"2026-08-25 16:25:56"}
{"level":"error","message":"POST /api/v1/auth/register -> 400: Validation failed","timestamp":"2026-08-25 16:25:56"}
{"level":"http","message":"\u001b[0mPOST /api/v1/auth/register \u001b[33m400\u001b[0m 8.166 ms - -\u001b[0m","timestamp":"2026-08-25 16:25:56"}
{"level":"error","message":"POST /api/v1/ai/summarize -> 400: Validation failed","timestamp":"2026-08-25 16:25:56"}
{"level":"http","message":"\u001b[0mPOST /api/v1/ai/summarize \u001b[33m400\u001b[0m 6.830 ms - -\u001b[0m","timestamp":"2026-08-25 16:25:56"}
{"level":"error","message":"POST /api/v1/csv/analyze -> 400: Please upload a CSV file or provide csvText in body","timestamp":"2026-08-25 16:25:56"}
{"level":"http","message":"\u001b[0mPOST /api/v1/csv/analyze \u001b[33m400\u001b[0m 6.477 ms - -\u001b[0m","timestamp":"2026-08-25 16:25:56"}
{"level":"error","message":"GET /api/v1/conversations/invalid-id-123 -> 400: Validation failed","timestamp":"2026-08-25 16:25:56"}
{"level":"http","message":"\u001b[0mGET /api/v1/conversations/invalid-id-123 \u001b[33m400\u001b[0m 3.054 ms - -\u001b[0m","timestamp":"2026-08-25 16:25:56"}
{"level":"http","message":"\u001b[0mGET /api/v1/capabilities \u001b[32m200\u001b[0m 1.314 ms - -\u001b[0m","timestamp":"2026-08-25 16:25:56"}
{"level":"http","message":"\u001b[0mGET /api/v1/integrations \u001b[32m200\u001b[0m 0.942 ms - 623\u001b[0m","timestamp":"2026-08-25 16:25:56"}
{"level":"http","message":"\u001b[0mPOST /api/v1/csv/analyze \u001b[32m200\u001b[0m 1.777 ms - 1009\u001b[0m","timestamp":"2026-08-25 16:25:56"}
{"level":"error","message":"GET /api/v1/places/search?query=coffee -> 404: Route not found: /api/v1/places/search?query=coffee","timestamp":"2026-08-25 16:25:56"}
{"level":"http","message":"\u001b[0mGET /api/v1/places/search?query=coffee \u001b[33m404\u001b[0m 3.600 ms - -\u001b[0m","timestamp":"2026-08-25 16:25:56"}
{"level":"info","message":"✅ SMTP connected successfully: ayanshaikh15082007@gmail.com","timestamp":"2026-08-25 16:25:58"}
{"level":"info","message":"MongoDB connected: ac-wp8elny-shard-00-00.vftguqk.mongodb.net","timestamp":"2026-08-25 16:26:26"}
{"level":"info","message":"MongoDB connected: ac-wp8elny-shard-00-00.vftguqk.mongodb.net","timestamp":"2026-08-25 16:26:26"}
{"level":"info","message":"Socket.IO initialized successfully","timestamp":"2026-08-25 16:26:26"}
{"level":"info","message":"Server running on http://localhost:5000 [development]","timestamp":"2026-08-25 16:26:26"}
{"level":"info","message":"MongoDB connected: ac-wp8elny-shard-00-00.vftguqk.mongodb.net","timestamp":"2026-08-25 16:26:27"}
{"level":"info","message":"✅ SMTP connected successfully: ayanshaikh15082007@gmail.com","timestamp":"2026-08-25 16:26:28"}
{"level":"http","message":"\u001b[0mGET /health \u001b[32m200\u001b[0m 3.043 ms - 108\u001b[0m","timestamp":"2026-08-25 16:26:37"}
{"level":"error","message":"GET /api/v1/unknown-endpoint -> 404: Route not found: /api/v1/unknown-endpoint","timestamp":"2026-08-25 16:26:37"}
{"level":"http","message":"\u001b[0mGET /api/v1/unknown-endpoint \u001b[33m404\u001b[0m 15.532 ms - -\u001b[0m","timestamp":"2026-08-25 16:26:37"}
{"level":"error","message":"GET /api/v1/conversations -> 401: Access token missing. Please log in.","timestamp":"2026-08-25 16:26:37"}
{"level":"http","message":"\u001b[0mGET /api/v1/conversations \u001b[33m401\u001b[0m 7.039 ms - -\u001b[0m","timestamp":"2026-08-25 16:26:37"}
{"level":"error","message":"GET /api/v1/memory -> 401: Access token missing. Please log in.","timestamp":"2026-08-25 16:26:37"}
{"level":"http","message":"\u001b[0mGET /api/v1/memory \u001b[33m401\u001b[0m 2.582 ms - -\u001b[0m","timestamp":"2026-08-25 16:26:37"}
{"level":"error","message":"GET /api/v1/integrations -> 401: Access token missing. Please log in.","timestamp":"2026-08-25 16:26:37"}
{"level":"http","message":"\u001b[0mGET /api/v1/integrations \u001b[33m401\u001b[0m 2.544 ms - -\u001b[0m","timestamp":"2026-08-25 16:26:37"}
{"level":"error","message":"GET /api/v1/analytics/me -> 401: Access token missing. Please log in.","timestamp":"2026-08-25 16:26:37"}
{"level":"http","message":"\u001b[0mGET /api/v1/analytics/me \u001b[33m401\u001b[0m 2.032 ms - -\u001b[0m","timestamp":"2026-08-25 16:26:37"}
{"level":"error","message":"POST /api/v1/csv/analyze -> 401: Access token missing. Please log in.","timestamp":"2026-08-25 16:26:37"}
{"level":"http","message":"\u001b[0mPOST /api/v1/csv/analyze \u001b[33m401\u001b[0m 2.129 ms - -\u001b[0m","timestamp":"2026-08-25 16:26:37"}
{"level":"error","message":"POST /api/v1/ai/summarize -> 401: Access token missing. Please log in.","timestamp":"2026-08-25 16:26:37"}
{"level":"http","message":"\u001b[0mPOST /api/v1/ai/summarize \u001b[33m401\u001b[0m 2.189 ms - -\u001b[0m","timestamp":"2026-08-25 16:26:37"}
{"level":"error","message":"POST /api/v1/vision/analyze -> 401: Access token missing. Please log in.","timestamp":"2026-08-25 16:26:37"}
{"level":"http","message":"\u001b[0mPOST /api/v1/vision/analyze \u001b[33m401\u001b[0m 1.979 ms - -\u001b[0m","timestamp":"2026-08-25 16:26:37"}
{"level":"error","message":"POST /api/v1/research/run -> 401: Access token missing. Please log in.","timestamp":"2026-08-25 16:26:37"}
{"level":"http","message":"\u001b[0mPOST /api/v1/research/run \u001b[33m401\u001b[0m 2.168 ms - -\u001b[0m","timestamp":"2026-08-25 16:26:37"}
{"level":"error","message":"POST /api/v1/voice/synthesize -> 401: Access token missing. Please log in.","timestamp":"2026-08-25 16:26:37"}
{"level":"http","message":"\u001b[0mPOST /api/v1/voice/synthesize \u001b[33m401\u001b[0m 1.848 ms - -\u001b[0m","timestamp":"2026-08-25 16:26:37"}
{"level":"error","message":"POST /api/v1/auth/register -> 400: Validation failed","timestamp":"2026-08-25 16:26:37"}
{"level":"http","message":"\u001b[0mPOST /api/v1/auth/register \u001b[33m400\u001b[0m 7.314 ms - -\u001b[0m","timestamp":"2026-08-25 16:26:37"}
{"level":"error","message":"POST /api/v1/ai/summarize -> 400: Validation failed","timestamp":"2026-08-25 16:26:37"}
{"level":"http","message":"\u001b[0mPOST /api/v1/ai/summarize \u001b[33m400\u001b[0m 4.575 ms - -\u001b[0m","timestamp":"2026-08-25 16:26:37"}
{"level":"error","message":"POST /api/v1/csv/analyze -> 400: Please upload a CSV file or provide csvText in body","timestamp":"2026-08-25 16:26:37"}
{"level":"http","message":"\u001b[0mPOST /api/v1/csv/analyze \u001b[33m400\u001b[0m 4.401 ms - -\u001b[0m","timestamp":"2026-08-25 16:26:37"}
{"level":"error","message":"GET /api/v1/conversations/invalid-id-123 -> 400: Validation failed","timestamp":"2026-08-25 16:26:37"}
{"level":"http","message":"\u001b[0mGET /api/v1/conversations/invalid-id-123 \u001b[33m400\u001b[0m 2.630 ms - -\u001b[0m","timestamp":"2026-08-25 16:26:37"}
{"level":"http","message":"\u001b[0mGET /api/v1/capabilities \u001b[32m200\u001b[0m 0.982 ms - -\u001b[0m","timestamp":"2026-08-25 16:26:37"}
{"level":"http","message":"\u001b[0mGET /api/v1/integrations \u001b[32m200\u001b[0m 0.952 ms - 623\u001b[0m","timestamp":"2026-08-25 16:26:37"}
{"level":"http","message":"\u001b[0mPOST /api/v1/csv/analyze \u001b[32m200\u001b[0m 1.732 ms - 1009\u001b[0m","timestamp":"2026-08-25 16:26:37"}
{"level":"http","message":"\u001b[0mPOST /api/v1/csv/chart \u001b[32m200\u001b[0m 1.853 ms - 290\u001b[0m","timestamp":"2026-08-25 16:26:37"}
{"level":"error","message":"POST /api/v1/places/search -> 503: Places provider (Google Maps/Places API) is NOT_CONFIGURED on the server","timestamp":"2026-08-25 16:26:37"}
{"level":"http","message":"\u001b[0mPOST /api/v1/places/search \u001b[31m503\u001b[0m 6.182 ms - -\u001b[0m","timestamp":"2026-08-25 16:26:37"}
{"level":"error","message":"POST /api/v1/web-search/query -> 503: Web search provider (Tavily/SerpAPI) is NOT_CONFIGURED on the server","timestamp":"2026-08-25 16:26:37"}
{"level":"http","message":"\u001b[0mPOST /api/v1/web-search/query \u001b[31m503\u001b[0m 6.298 ms - -\u001b[0m","timestamp":"2026-08-25 16:26:37"}
{"level":"error","message":"POST /api/v1/image-generation/generate -> 503: Image generation provider is NOT_CONFIGURED on the server","timestamp":"2026-08-25 16:26:37"}
{"level":"http","message":"\u001b[0mPOST /api/v1/image-generation/generate \u001b[31m503\u001b[0m 6.655 ms - -\u001b[0m","timestamp":"2026-08-25 16:26:37"}
{"level":"error","message":"POST /api/v1/voice/synthesize -> 503: Voice TTS provider (OpenAI TTS) is NOT_CONFIGURED on the server","timestamp":"2026-08-25 16:26:37"}
{"level":"http","message":"\u001b[0mPOST /api/v1/voice/synthesize \u001b[31m503\u001b[0m 5.805 ms - -\u001b[0m","timestamp":"2026-08-25 16:26:37"}
{"level":"info","message":"✅ SMTP connected successfully: ayanshaikh15082007@gmail.com","timestamp":"2026-08-25 16:26:39"}
{"level":"http","message":"\u001b[0mGET /health \u001b[32m200\u001b[0m 3.381 ms - 108\u001b[0m","timestamp":"2026-08-25 16:30:38"}
{"level":"error","message":"GET /api/v1/capabilities -> 401: Access token missing. Please log in.","timestamp":"2026-08-25 16:32:02"}
{"level":"http","message":"\u001b[0mGET /api/v1/capabilities \u001b[33m401\u001b[0m 3.194 ms - -\u001b[0m","timestamp":"2026-08-25 16:32:02"}
{"level":"http","message":"\u001b[0mPOST /api/v1/auth/register \u001b[32m201\u001b[0m 217.664 ms - -\u001b[0m","timestamp":"2026-08-25 16:32:23"}
{"level":"http","message":"\u001b[0mPOST /api/v1/auth/register \u001b[32m201\u001b[0m 130.914 ms - -\u001b[0m","timestamp":"2026-08-25 16:33:04"}
{"level":"http","message":"\u001b[0mGET /api/v1/capabilities \u001b[32m200\u001b[0m 24.168 ms - -\u001b[0m","timestamp":"2026-08-25 16:33:04"}
{"level":"http","message":"\u001b[0mPOST /api/v1/auth/register \u001b[32m201\u001b[0m 213.500 ms - -\u001b[0m","timestamp":"2026-08-25 16:34:16"}
{"level":"info","message":"Socket authentication successful for user: 6a8d76b067f1bc9ed1c26f5d","timestamp":"2026-08-25 16:34:17"}
{"level":"info","message":"Socket connected: LKnqOlAwcVA4MmVzAAAB (user: 6a8d76b067f1bc9ed1c26f5d)","timestamp":"2026-08-25 16:34:17"}
{"level":"http","message":"\u001b[0mGET /api/v1/conversations?limit=50 \u001b[32m200\u001b[0m 58.694 ms - 151\u001b[0m","timestamp":"2026-08-25 16:34:17"}
{"level":"http","message":"\u001b[0mGET /api/v1/memory \u001b[32m200\u001b[0m 62.246 ms - 68\u001b[0m","timestamp":"2026-08-25 16:34:39"}
{"level":"http","message":"\u001b[0mGET /api/v1/memory \u001b[36m304\u001b[0m 66.662 ms - -\u001b[0m","timestamp":"2026-08-25 16:34:39"}
{"level":"http","message":"\u001b[0mGET /api/v1/integrations \u001b[32m200\u001b[0m 30.019 ms - 623\u001b[0m","timestamp":"2026-08-25 16:34:56"}
{"level":"http","message":"\u001b[0mGET /api/v1/capabilities \u001b[32m200\u001b[0m 21.508 ms - -\u001b[0m","timestamp":"2026-08-25 16:34:56"}
{"level":"http","message":"\u001b[0mGET /api/v1/integrations \u001b[36m304\u001b[0m 34.806 ms - -\u001b[0m","timestamp":"2026-08-25 16:34:56"}
{"level":"http","message":"\u001b[0mGET /api/v1/capabilities \u001b[32m200\u001b[0m 22.310 ms - -\u001b[0m","timestamp":"2026-08-25 16:34:56"}
{"level":"http","message":"\u001b[0mGET /api/v1/analytics/me \u001b[32m200\u001b[0m 65.243 ms - 192\u001b[0m","timestamp":"2026-08-25 16:35:09"}
{"level":"http","message":"\u001b[0mGET /api/v1/analytics/me \u001b[36m304\u001b[0m 64.674 ms - -\u001b[0m","timestamp":"2026-08-25 16:35:09"}
{"level":"http","message":"\u001b[0mGET /health \u001b[32m200\u001b[0m 0.274 ms - 108\u001b[0m","timestamp":"2026-08-25 16:37:22"}
{"level":"info","message":"Socket disconnected: LKnqOlAwcVA4MmVzAAAB (user: 6a8d76b067f1bc9ed1c26f5d) reason: transport close","timestamp":"2026-08-25 16:41:45"}
{"level":"http","message":"\u001b[0mGET /api/v1/auth/me \u001b[32m200\u001b[0m 27.109 ms - -\u001b[0m","timestamp":"2026-08-25 16:41:45"}
{"level":"http","message":"\u001b[0mGET /api/v1/auth/me \u001b[36m304\u001b[0m 24.346 ms - -\u001b[0m","timestamp":"2026-08-25 16:41:45"}
{"level":"info","message":"Socket authentication successful for user: 6a8d76b067f1bc9ed1c26f5d","timestamp":"2026-08-25 16:41:45"}
{"level":"http","message":"\u001b[0mGET /api/v1/conversations?limit=50 \u001b[36m304\u001b[0m 51.381 ms - -\u001b[0m","timestamp":"2026-08-25 16:41:45"}
{"level":"info","message":"Socket authentication successful for user: 6a8d76b067f1bc9ed1c26f5d","timestamp":"2026-08-25 16:41:45"}
{"level":"info","message":"Socket connected: NTco_hr5G_D_RorYAAAF (user: 6a8d76b067f1bc9ed1c26f5d)","timestamp":"2026-08-25 16:41:45"}
{"level":"http","message":"\u001b[0mGET /api/v1/conversations?limit=50 \u001b[36m304\u001b[0m 45.949 ms - -\u001b[0m","timestamp":"2026-08-25 16:41:45"}
{"level":"http","message":"\u001b[0mGET /api/v1/conversations?limit=50 \u001b[36m304\u001b[0m 53.166 ms - -\u001b[0m","timestamp":"2026-08-25 16:42:17"}
{"level":"http","message":"\u001b[0mGET /api/v1/conversations?limit=50 \u001b[36m304\u001b[0m 51.681 ms - -\u001b[0m","timestamp":"2026-08-25 16:42:17"}
{"level":"http","message":"\u001b[0mGET /api/v1/memory \u001b[36m304\u001b[0m 59.282 ms - -\u001b[0m","timestamp":"2026-08-25 16:48:20"}
{"level":"http","message":"\u001b[0mGET /api/v1/memory \u001b[36m304\u001b[0m 67.629 ms - -\u001b[0m","timestamp":"2026-08-25 16:48:20"}
{"level":"http","message":"\u001b[0mPOST /api/v1/memory \u001b[32m201\u001b[0m 67.527 ms - 299\u001b[0m","timestamp":"2026-08-25 16:49:00"}
{"level":"http","message":"\u001b[0mGET /health \u001b[32m200\u001b[0m 0.157 ms - 108\u001b[0m","timestamp":"2026-08-25 16:53:26"}
{"level":"http","message":"\u001b[0mGET /health \u001b[32m200\u001b[0m 2.712 ms - 108\u001b[0m","timestamp":"2026-08-25 16:54:02"}
{"level":"error","message":"GET /api/v1/unknown-endpoint -> 404: Route not found: /api/v1/unknown-endpoint","timestamp":"2026-08-25 16:54:02"}
{"level":"http","message":"\u001b[0mGET /api/v1/unknown-endpoint \u001b[33m404\u001b[0m 11.960 ms - -\u001b[0m","timestamp":"2026-08-25 16:54:02"}
{"level":"error","message":"GET /api/v1/conversations -> 401: Access token missing. Please log in.","timestamp":"2026-08-25 16:54:02"}
{"level":"http","message":"\u001b[0mGET /api/v1/conversations \u001b[33m401\u001b[0m 5.894 ms - -\u001b[0m","timestamp":"2026-08-25 16:54:02"}
{"level":"error","message":"GET /api/v1/memory -> 401: Access token missing. Please log in.","timestamp":"2026-08-25 16:54:02"}
{"level":"http","message":"\u001b[0mGET /api/v1/memory \u001b[33m401\u001b[0m 1.441 ms - -\u001b[0m","timestamp":"2026-08-25 16:54:02"}
{"level":"error","message":"GET /api/v1/integrations -> 401: Access token missing. Please log in.","timestamp":"2026-08-25 16:54:02"}
{"level":"http","message":"\u001b[0mGET /api/v1/integrations \u001b[33m401\u001b[0m 1.439 ms - -\u001b[0m","timestamp":"2026-08-25 16:54:02"}
{"level":"error","message":"GET /api/v1/analytics/me -> 401: Access token missing. Please log in.","timestamp":"2026-08-25 16:54:02"}
{"level":"http","message":"\u001b[0mGET /api/v1/analytics/me \u001b[33m401\u001b[0m 1.708 ms - -\u001b[0m","timestamp":"2026-08-25 16:54:02"}
{"level":"error","message":"POST /api/v1/csv/analyze -> 401: Access token missing. Please log in.","timestamp":"2026-08-25 16:54:02"}
{"level":"http","message":"\u001b[0mPOST /api/v1/csv/analyze \u001b[33m401\u001b[0m 1.370 ms - -\u001b[0m","timestamp":"2026-08-25 16:54:02"}
{"level":"error","message":"POST /api/v1/ai/summarize -> 401: Access token missing. Please log in.","timestamp":"2026-08-25 16:54:02"}
{"level":"http","message":"\u001b[0mPOST /api/v1/ai/summarize \u001b[33m401\u001b[0m 1.447 ms - -\u001b[0m","timestamp":"2026-08-25 16:54:02"}
{"level":"error","message":"POST /api/v1/vision/analyze -> 401: Access token missing. Please log in.","timestamp":"2026-08-25 16:54:02"}
{"level":"http","message":"\u001b[0mPOST /api/v1/vision/analyze \u001b[33m401\u001b[0m 1.401 ms - -\u001b[0m","timestamp":"2026-08-25 16:54:02"}
{"level":"error","message":"POST /api/v1/research/run -> 401: Access token missing. Please log in.","timestamp":"2026-08-25 16:54:02"}
{"level":"http","message":"\u001b[0mPOST /api/v1/research/run \u001b[33m401\u001b[0m 1.515 ms - -\u001b[0m","timestamp":"2026-08-25 16:54:02"}
{"level":"error","message":"POST /api/v1/voice/synthesize -> 401: Access token missing. Please log in.","timestamp":"2026-08-25 16:54:02"}
{"level":"http","message":"\u001b[0mPOST /api/v1/voice/synthesize \u001b[33m401\u001b[0m 1.468 ms - -\u001b[0m","timestamp":"2026-08-25 16:54:02"}
{"level":"error","message":"POST /api/v1/auth/register -> 400: Validation failed","timestamp":"2026-08-25 16:54:02"}
{"level":"http","message":"\u001b[0mPOST /api/v1/auth/register \u001b[33m400\u001b[0m 5.843 ms - -\u001b[0m","timestamp":"2026-08-25 16:54:02"}
{"level":"error","message":"POST /api/v1/ai/summarize -> 400: Validation failed","timestamp":"2026-08-25 16:54:02"}
{"level":"http","message":"\u001b[0mPOST /api/v1/ai/summarize \u001b[33m400\u001b[0m 4.252 ms - -\u001b[0m","timestamp":"2026-08-25 16:54:02"}
{"level":"error","message":"POST /api/v1/csv/analyze -> 400: Please upload a CSV file or provide csvText in body","timestamp":"2026-08-25 16:54:02"}
{"level":"http","message":"\u001b[0mPOST /api/v1/csv/analyze \u001b[33m400\u001b[0m 3.705 ms - -\u001b[0m","timestamp":"2026-08-25 16:54:02"}
{"level":"error","message":"GET /api/v1/conversations/invalid-id-123 -> 400: Validation failed","timestamp":"2026-08-25 16:54:02"}
{"level":"http","message":"\u001b[0mGET /api/v1/conversations/invalid-id-123 \u001b[33m400\u001b[0m 2.027 ms - -\u001b[0m","timestamp":"2026-08-25 16:54:02"}
{"level":"http","message":"\u001b[0mGET /api/v1/capabilities \u001b[32m200\u001b[0m 0.734 ms - -\u001b[0m","timestamp":"2026-08-25 16:54:02"}
{"level":"http","message":"\u001b[0mGET /api/v1/integrations \u001b[32m200\u001b[0m 0.568 ms - 623\u001b[0m","timestamp":"2026-08-25 16:54:02"}
{"level":"http","message":"\u001b[0mPOST /api/v1/csv/analyze \u001b[32m200\u001b[0m 1.154 ms - 1009\u001b[0m","timestamp":"2026-08-25 16:54:02"}
{"level":"http","message":"\u001b[0mPOST /api/v1/csv/chart \u001b[32m200\u001b[0m 1.326 ms - 290\u001b[0m","timestamp":"2026-08-25 16:54:02"}
{"level":"error","message":"POST /api/v1/places/search -> 503: Places provider (Google Maps/Places API) is NOT_CONFIGURED on the server","timestamp":"2026-08-25 16:54:02"}
{"level":"http","message":"\u001b[0mPOST /api/v1/places/search \u001b[31m503\u001b[0m 6.447 ms - -\u001b[0m","timestamp":"2026-08-25 16:54:02"}
{"level":"error","message":"POST /api/v1/web-search/query -> 503: Web search provider (Tavily/SerpAPI) is NOT_CONFIGURED on the server","timestamp":"2026-08-25 16:54:02"}
{"level":"http","message":"\u001b[0mPOST /api/v1/web-search/query \u001b[31m503\u001b[0m 5.626 ms - -\u001b[0m","timestamp":"2026-08-25 16:54:02"}
{"level":"error","message":"POST /api/v1/image-generation/generate -> 503: Image generation provider is NOT_CONFIGURED on the server","timestamp":"2026-08-25 16:54:02"}
{"level":"http","message":"\u001b[0mPOST /api/v1/image-generation/generate \u001b[31m503\u001b[0m 4.954 ms - -\u001b[0m","timestamp":"2026-08-25 16:54:02"}
{"level":"error","message":"POST /api/v1/voice/synthesize -> 503: Voice TTS provider (OpenAI TTS) is NOT_CONFIGURED on the server","timestamp":"2026-08-25 16:54:02"}
{"level":"http","message":"\u001b[0mPOST /api/v1/voice/synthesize \u001b[31m503\u001b[0m 4.813 ms - -\u001b[0m","timestamp":"2026-08-25 16:54:02"}
{"level":"info","message":"✅ SMTP connected successfully: ayanshaikh15082007@gmail.com","timestamp":"2026-08-25 16:54:05"}
{"level":"info","message":"MongoDB connected: ac-wp8elny-shard-00-02.vftguqk.mongodb.net","timestamp":"2026-08-25 16:55:25"}
{"level":"info","message":"MongoDB connected: ac-wp8elny-shard-00-01.vftguqk.mongodb.net","timestamp":"2026-08-25 16:58:02"}
{"level":"info","message":"Socket.IO initialized successfully","timestamp":"2026-08-25 16:58:02"}
{"level":"info","message":"Server running on http://localhost:5000 [development]","timestamp":"2026-08-25 16:58:02"}
{"level":"info","message":"✅ SMTP connected successfully: ayanshaikh15082007@gmail.com","timestamp":"2026-08-25 16:58:03"}
{"level":"info","message":"SIGINT received. Shutting down gracefully...","timestamp":"2026-08-25 16:58:06"}
{"level":"info","message":"MongoDB connected: ac-wp8elny-shard-00-00.vftguqk.mongodb.net","timestamp":"2026-08-25 17:31:45"}
{"level":"info","message":"Socket.IO initialized successfully","timestamp":"2026-08-25 17:31:45"}
{"level":"info","message":"Server running on http://localhost:5000 [development]","timestamp":"2026-08-25 17:31:45"}
{"level":"info","message":"✅ SMTP connected successfully: ayanshaikh15082007@gmail.com","timestamp":"2026-08-25 17:31:48"}
{"level":"http","message":"\u001b[0mPOST /api/v1/auth/register \u001b[32m201\u001b[0m 323.399 ms - 1546\u001b[0m","timestamp":"2026-08-25 17:37:06"}
{"level":"error","message":"GET /api/v1/health -> 404: Route not found: /api/v1/health","timestamp":"2026-08-25 17:37:19"}
{"level":"http","message":"\u001b[0mGET /api/v1/health \u001b[33m404\u001b[0m 1.734 ms - 1383\u001b[0m","timestamp":"2026-08-25 17:37:19"}
{"level":"http","message":"\u001b[0mPOST /api/v1/auth/login \u001b[32m200\u001b[0m 319.217 ms - 1534\u001b[0m","timestamp":"2026-08-25 17:37:33"}
{"level":"http","message":"\u001b[0mGET /health \u001b[32m200\u001b[0m 3.226 ms - 108\u001b[0m","timestamp":"2026-08-25 17:37:50"}
{"level":"error","message":"GET /api/v1/unknown-endpoint -> 404: Route not found: /api/v1/unknown-endpoint","timestamp":"2026-08-25 17:37:50"}
{"level":"http","message":"\u001b[0mGET /api/v1/unknown-endpoint \u001b[33m404\u001b[0m 20.623 ms - -\u001b[0m","timestamp":"2026-08-25 17:37:50"}
{"level":"error","message":"GET /api/v1/conversations -> 401: Access token missing. Please log in.","timestamp":"2026-08-25 17:37:50"}
{"level":"http","message":"\u001b[0mGET /api/v1/conversations \u001b[33m401\u001b[0m 9.124 ms - -\u001b[0m","timestamp":"2026-08-25 17:37:50"}
{"level":"error","message":"GET /api/v1/memory -> 401: Access token missing. Please log in.","timestamp":"2026-08-25 17:37:50"}
{"level":"http","message":"\u001b[0mGET /api/v1/memory \u001b[33m401\u001b[0m 2.577 ms - -\u001b[0m","timestamp":"2026-08-25 17:37:50"}
{"level":"error","message":"GET /api/v1/integrations -> 401: Access token missing. Please log in.","timestamp":"2026-08-25 17:37:50"}
{"level":"http","message":"\u001b[0mGET /api/v1/integrations \u001b[33m401\u001b[0m 3.629 ms - -\u001b[0m","timestamp":"2026-08-25 17:37:50"}
{"level":"error","message":"GET /api/v1/analytics/me -> 401: Access token missing. Please log in.","timestamp":"2026-08-25 17:37:50"}
{"level":"http","message":"\u001b[0mGET /api/v1/analytics/me \u001b[33m401\u001b[0m 2.249 ms - -\u001b[0m","timestamp":"2026-08-25 17:37:50"}
{"level":"error","message":"POST /api/v1/csv/analyze -> 401: Access token missing. Please log in.","timestamp":"2026-08-25 17:37:50"}
{"level":"http","message":"\u001b[0mPOST /api/v1/csv/analyze \u001b[33m401\u001b[0m 2.191 ms - -\u001b[0m","timestamp":"2026-08-25 17:37:50"}
{"level":"error","message":"POST /api/v1/ai/summarize -> 401: Access token missing. Please log in.","timestamp":"2026-08-25 17:37:50"}
{"level":"http","message":"\u001b[0mPOST /api/v1/ai/summarize \u001b[33m401\u001b[0m 2.298 ms - -\u001b[0m","timestamp":"2026-08-25 17:37:50"}
{"level":"error","message":"POST /api/v1/vision/analyze -> 401: Access token missing. Please log in.","timestamp":"2026-08-25 17:37:50"}
{"level":"http","message":"\u001b[0mPOST /api/v1/vision/analyze \u001b[33m401\u001b[0m 2.750 ms - -\u001b[0m","timestamp":"2026-08-25 17:37:50"}
{"level":"error","message":"POST /api/v1/research/run -> 401: Access token missing. Please log in.","timestamp":"2026-08-25 17:37:50"}
{"level":"http","message":"\u001b[0mPOST /api/v1/research/run \u001b[33m401\u001b[0m 2.880 ms - -\u001b[0m","timestamp":"2026-08-25 17:37:50"}
{"level":"error","message":"POST /api/v1/voice/synthesize -> 401: Access token missing. Please log in.","timestamp":"2026-08-25 17:37:50"}
{"level":"http","message":"\u001b[0mPOST /api/v1/voice/synthesize \u001b[33m401\u001b[0m 2.202 ms - -\u001b[0m","timestamp":"2026-08-25 17:37:50"}
{"level":"error","message":"POST /api/v1/auth/register -> 400: Validation failed","timestamp":"2026-08-25 17:37:50"}
{"level":"http","message":"\u001b[0mPOST /api/v1/auth/register \u001b[33m400\u001b[0m 9.043 ms - -\u001b[0m","timestamp":"2026-08-25 17:37:50"}
{"level":"error","message":"POST /api/v1/ai/summarize -> 400: Validation failed","timestamp":"2026-08-25 17:37:50"}
{"level":"http","message":"\u001b[0mPOST /api/v1/ai/summarize \u001b[33m400\u001b[0m 6.609 ms - -\u001b[0m","timestamp":"2026-08-25 17:37:50"}
{"level":"error","message":"POST /api/v1/csv/analyze -> 400: Please upload a CSV file or provide csvText in body","timestamp":"2026-08-25 17:37:50"}
{"level":"http","message":"\u001b[0mPOST /api/v1/csv/analyze \u001b[33m400\u001b[0m 6.220 ms - -\u001b[0m","timestamp":"2026-08-25 17:37:50"}
{"level":"error","message":"GET /api/v1/conversations/invalid-id-123 -> 400: Validation failed","timestamp":"2026-08-25 17:37:50"}
{"level":"http","message":"\u001b[0mGET /api/v1/conversations/invalid-id-123 \u001b[33m400\u001b[0m 3.182 ms - -\u001b[0m","timestamp":"2026-08-25 17:37:50"}
{"level":"http","message":"\u001b[0mGET /api/v1/capabilities \u001b[32m200\u001b[0m 1.348 ms - -\u001b[0m","timestamp":"2026-08-25 17:37:50"}
{"level":"http","message":"\u001b[0mGET /api/v1/integrations \u001b[32m200\u001b[0m 1.036 ms - 623\u001b[0m","timestamp":"2026-08-25 17:37:50"}
{"level":"http","message":"\u001b[0mPOST /api/v1/csv/analyze \u001b[32m200\u001b[0m 1.816 ms - 1009\u001b[0m","timestamp":"2026-08-25 17:37:50"}
{"level":"http","message":"\u001b[0mPOST /api/v1/csv/chart \u001b[32m200\u001b[0m 2.169 ms - 290\u001b[0m","timestamp":"2026-08-25 17:37:50"}
{"level":"error","message":"POST /api/v1/places/search -> 503: Places provider (Google Maps/Places API) is NOT_CONFIGURED on the server","timestamp":"2026-08-25 17:37:50"}
{"level":"http","message":"\u001b[0mPOST /api/v1/places/search \u001b[31m503\u001b[0m 9.963 ms - -\u001b[0m","timestamp":"2026-08-25 17:37:50"}
{"level":"error","message":"POST /api/v1/web-search/query -> 503: Web search provider (Tavily/SerpAPI) is NOT_CONFIGURED on the server","timestamp":"2026-08-25 17:37:50"}
{"level":"http","message":"\u001b[0mPOST /api/v1/web-search/query \u001b[31m503\u001b[0m 8.077 ms - -\u001b[0m","timestamp":"2026-08-25 17:37:50"}
{"level":"error","message":"POST /api/v1/image-generation/generate -> 503: Image generation provider is NOT_CONFIGURED on the server","timestamp":"2026-08-25 17:37:50"}
{"level":"http","message":"\u001b[0mPOST /api/v1/image-generation/generate \u001b[31m503\u001b[0m 6.987 ms - -\u001b[0m","timestamp":"2026-08-25 17:37:50"}
{"level":"error","message":"POST /api/v1/voice/synthesize -> 503: Voice TTS provider (OpenAI TTS) is NOT_CONFIGURED on the server","timestamp":"2026-08-25 17:37:50"}
{"level":"http","message":"\u001b[0mPOST /api/v1/voice/synthesize \u001b[31m503\u001b[0m 7.030 ms - -\u001b[0m","timestamp":"2026-08-25 17:37:50"}
{"level":"info","message":"✅ SMTP connected successfully: ayanshaikh15082007@gmail.com","timestamp":"2026-08-25 17:37:52"}
{"level":"http","message":"\u001b[0mPOST /api/v1/auth/register \u001b[32m201\u001b[0m 207.763 ms - -\u001b[0m","timestamp":"2026-08-25 17:52:48"}
{"level":"http","message":"\u001b[0mGET /api/v1/conversations?limit=50 \u001b[36m304\u001b[0m 63.172 ms - -\u001b[0m","timestamp":"2026-08-25 17:52:48"}
{"level":"info","message":"Socket authentication successful for user: 6a8d8917e9e1787daa15d83a","timestamp":"2026-08-25 17:52:48"}
{"level":"info","message":"Socket connected: A-cEn4YjbEsNvtDpAAAB (user: 6a8d8917e9e1787daa15d83a)","timestamp":"2026-08-25 17:52:48"}
{"level":"http","message":"\u001b[0mPOST /api/v1/conversations \u001b[32m201\u001b[0m 68.633 ms - 470\u001b[0m","timestamp":"2026-08-25 17:53:13"}
{"level":"error","message":"POST /api/v1/conversations/undefined/messages -> 400: Validation failed","timestamp":"2026-08-25 17:53:13"}
{"level":"http","message":"\u001b[0mPOST /api/v1/conversations/undefined/messages \u001b[33m400\u001b[0m 47.475 ms - 962\u001b[0m","timestamp":"2026-08-25 17:53:13"}
{"level":"http","message":"\u001b[0mGET /api/v1/conversations?limit=50 \u001b[32m200\u001b[0m 41.127 ms - 534\u001b[0m","timestamp":"2026-08-25 17:53:13"}
{"level":"info","message":"Socket A-cEn4YjbEsNvtDpAAAB joined conversation:6a8d8931e9e1787daa15d843","timestamp":"2026-08-25 17:53:46"}
{"level":"http","message":"\u001b[0mGET /api/v1/conversations/6a8d8931e9e1787daa15d843/messages \u001b[32m200\u001b[0m 97.359 ms - 141\u001b[0m","timestamp":"2026-08-25 17:53:46"}
{"level":"info","message":"Socket disconnected: A-cEn4YjbEsNvtDpAAAB (user: 6a8d8917e9e1787daa15d83a) reason: transport close","timestamp":"2026-08-25 17:53:55"}
{"level":"http","message":"\u001b[0mGET /api/v1/auth/me \u001b[32m200\u001b[0m 55.719 ms - -\u001b[0m","timestamp":"2026-08-25 17:53:55"}
{"level":"http","message":"\u001b[0mGET /api/v1/auth/me \u001b[36m304\u001b[0m 21.750 ms - -\u001b[0m","timestamp":"2026-08-25 17:53:55"}
{"level":"http","message":"\u001b[0mGET /api/v1/conversations?limit=50 \u001b[36m304\u001b[0m 41.916 ms - -\u001b[0m","timestamp":"2026-08-25 17:53:55"}
{"level":"info","message":"Socket authentication successful for user: 6a8d8917e9e1787daa15d83a","timestamp":"2026-08-25 17:53:55"}
{"level":"info","message":"Socket authentication successful for user: 6a8d8917e9e1787daa15d83a","timestamp":"2026-08-25 17:53:55"}
{"level":"info","message":"Socket connected: r7q47mYzsxyJl0MgAAAF (user: 6a8d8917e9e1787daa15d83a)","timestamp":"2026-08-25 17:53:55"}
{"level":"http","message":"\u001b[0mGET /api/v1/conversations?limit=50 \u001b[36m304\u001b[0m 37.763 ms - -\u001b[0m","timestamp":"2026-08-25 17:53:55"}
{"level":"info","message":"Socket r7q47mYzsxyJl0MgAAAF joined conversation:6a8d8931e9e1787daa15d843","timestamp":"2026-08-25 17:54:07"}
{"level":"http","message":"\u001b[0mGET /api/v1/conversations/6a8d8931e9e1787daa15d843/messages \u001b[36m304\u001b[0m 121.521 ms - -\u001b[0m","timestamp":"2026-08-25 17:54:07"}
{"level":"http","message":"\u001b[0mPOST /api/v1/conversations/6a8d8931e9e1787daa15d843/messages \u001b[32m201\u001b[0m 4134.636 ms - -\u001b[0m","timestamp":"2026-08-25 17:54:41"}
{"level":"info","message":"Socket disconnected: r7q47mYzsxyJl0MgAAAF (user: 6a8d8917e9e1787daa15d83a) reason: transport close","timestamp":"2026-08-25 17:59:23"}
{"level":"http","message":"\u001b[0mGET /api/v1/auth/me \u001b[36m304\u001b[0m 23.550 ms - -\u001b[0m","timestamp":"2026-08-25 17:59:23"}
{"level":"http","message":"\u001b[0mGET /api/v1/auth/me \u001b[36m304\u001b[0m 31.267 ms - -\u001b[0m","timestamp":"2026-08-25 17:59:23"}
{"level":"http","message":"\u001b[0mGET /api/v1/conversations?limit=50 \u001b[32m200\u001b[0m 40.553 ms - 534\u001b[0m","timestamp":"2026-08-25 17:59:23"}
{"level":"info","message":"Socket authentication successful for user: 6a8d8917e9e1787daa15d83a","timestamp":"2026-08-25 17:59:23"}
{"level":"info","message":"Socket authentication successful for user: 6a8d8917e9e1787daa15d83a","timestamp":"2026-08-25 17:59:23"}
{"level":"info","message":"Socket connected: _dnKjulqXvia7XmBAAAJ (user: 6a8d8917e9e1787daa15d83a)","timestamp":"2026-08-25 17:59:23"}
{"level":"http","message":"\u001b[0mGET /api/v1/conversations?limit=50 \u001b[36m304\u001b[0m 68.669 ms - -\u001b[0m","timestamp":"2026-08-25 17:59:23"}
{"level":"http","message":"\u001b[0mPOST /api/v1/conversations \u001b[32m201\u001b[0m 67.075 ms - 465\u001b[0m","timestamp":"2026-08-25 17:59:51"}
{"level":"error","message":"POST /api/v1/conversations/undefined/messages -> 400: Validation failed","timestamp":"2026-08-25 17:59:51"}
{"level":"http","message":"\u001b[0mPOST /api/v1/conversations/undefined/messages \u001b[33m400\u001b[0m 53.184 ms - 962\u001b[0m","timestamp":"2026-08-25 17:59:51"}
{"level":"http","message":"\u001b[0mGET /api/v1/conversations?limit=50 \u001b[32m200\u001b[0m 46.669 ms - 913\u001b[0m","timestamp":"2026-08-25 17:59:51"}
{"level":"info","message":"Socket _dnKjulqXvia7XmBAAAJ joined conversation:6a8d8abfe9e1787daa15d876","timestamp":"2026-08-25 17:59:58"}
{"level":"http","message":"\u001b[0mGET /api/v1/conversations/6a8d8abfe9e1787daa15d876/messages \u001b[32m200\u001b[0m 90.662 ms - 141\u001b[0m","timestamp":"2026-08-25 17:59:58"}
{"level":"error","message":"POST /api/v1/auth/register -> 409: An account with this email already exists","timestamp":"2026-08-25 18:01:21"}
{"level":"http","message":"\u001b[0mPOST /api/v1/auth/register \u001b[33m409\u001b[0m 30.427 ms - 559\u001b[0m","timestamp":"2026-08-25 18:01:21"}
{"level":"info","message":"Socket disconnected: _dnKjulqXvia7XmBAAAJ (user: 6a8d8917e9e1787daa15d83a) reason: client namespace disconnect","timestamp":"2026-08-25 18:04:20"}
{"level":"http","message":"\u001b[0mGET /api/v1/auth/me \u001b[36m304\u001b[0m 40.731 ms - -\u001b[0m","timestamp":"2026-08-25 18:04:21"}
{"level":"http","message":"\u001b[0mGET /api/v1/auth/me \u001b[36m304\u001b[0m 48.099 ms - -\u001b[0m","timestamp":"2026-08-25 18:04:21"}
{"level":"http","message":"\u001b[0mGET /api/v1/conversations?limit=50 \u001b[36m304\u001b[0m 46.789 ms - -\u001b[0m","timestamp":"2026-08-25 18:04:21"}
{"level":"info","message":"Socket authentication successful for user: 6a8d8917e9e1787daa15d83a","timestamp":"2026-08-25 18:04:21"}
{"level":"info","message":"Socket connected: W9WS78x7bywdsvJhAAAL (user: 6a8d8917e9e1787daa15d83a)","timestamp":"2026-08-25 18:04:21"}
{"level":"http","message":"\u001b[0mPOST /api/v1/auth/logout \u001b[32m200\u001b[0m 83.953 ms - 62\u001b[0m","timestamp":"2026-08-25 18:05:10"}
{"level":"info","message":"Socket disconnected: W9WS78x7bywdsvJhAAAL (user: 6a8d8917e9e1787daa15d83a) reason: client namespace disconnect","timestamp":"2026-08-25 18:05:10"}
{"level":"error","message":"POST /api/v1/auth/login -> 401: Invalid email or password","timestamp":"2026-08-25 18:13:23"}
{"level":"http","message":"\u001b[0mPOST /api/v1/auth/login \u001b[33m401\u001b[0m 24.971 ms - 528\u001b[0m","timestamp":"2026-08-25 18:13:23"}
{"level":"http","message":"\u001b[0mPOST /api/v1/auth/register \u001b[32m201\u001b[0m 175.350 ms - -\u001b[0m","timestamp":"2026-08-25 18:13:42"}
{"level":"http","message":"\u001b[0mGET /api/v1/conversations?limit=50 \u001b[32m200\u001b[0m 38.000 ms - 151\u001b[0m","timestamp":"2026-08-25 18:13:42"}
{"level":"info","message":"Socket authentication successful for user: 6a8d8dfde9e1787daa15d88d","timestamp":"2026-08-25 18:13:42"}
{"level":"info","message":"Socket connected: 6JFgZ1MfTcZn1NMWAAAN (user: 6a8d8dfde9e1787daa15d88d)","timestamp":"2026-08-25 18:13:42"}
{"level":"http","message":"\u001b[0mPOST /api/v1/conversations \u001b[32m201\u001b[0m 43.559 ms - 441\u001b[0m","timestamp":"2026-08-25 18:13:49"}
{"level":"error","message":"POST /api/v1/conversations/undefined/messages -> 400: Validation failed","timestamp":"2026-08-25 18:13:49"}
{"level":"http","message":"\u001b[0mPOST /api/v1/conversations/undefined/messages \u001b[33m400\u001b[0m 39.431 ms - 962\u001b[0m","timestamp":"2026-08-25 18:13:49"}
{"level":"http","message":"\u001b[0mGET /api/v1/conversations?limit=50 \u001b[32m200\u001b[0m 37.827 ms - 505\u001b[0m","timestamp":"2026-08-25 18:13:49"}
{"level":"info","message":"Socket 6JFgZ1MfTcZn1NMWAAAN joined conversation:6a8d8e05e9e1787daa15d896","timestamp":"2026-08-25 18:13:55"}
{"level":"http","message":"\u001b[0mGET /api/v1/conversations/6a8d8e05e9e1787daa15d896/messages \u001b[32m200\u001b[0m 78.826 ms - 141\u001b[0m","timestamp":"2026-08-25 18:13:55"}
{"level":"http","message":"\u001b[0mPOST /api/v1/conversations \u001b[32m201\u001b[0m 38.163 ms - 455\u001b[0m","timestamp":"2026-08-25 18:14:08"}
{"level":"http","message":"\u001b[0mGET /api/v1/memory \u001b[32m200\u001b[0m 38.351 ms - 68\u001b[0m","timestamp":"2026-08-25 18:14:19"}
{"level":"http","message":"\u001b[0mGET /api/v1/memory \u001b[36m304\u001b[0m 36.096 ms - -\u001b[0m","timestamp":"2026-08-25 18:14:19"}
{"level":"info","message":"Socket disconnected: 6JFgZ1MfTcZn1NMWAAAN (user: 6a8d8dfde9e1787daa15d88d) reason: transport close","timestamp":"2026-08-25 18:14:50"}
{"level":"http","message":"\u001b[0mPOST /api/v1/research/run \u001b[32m200\u001b[0m 24998.769 ms - -\u001b[0m","timestamp":"2026-08-25 18:14:59"}
{"level":"error","message":"POST /api/v1/auth/register -> 409: An account with this email already exists","timestamp":"2026-08-25 18:15:27"}
{"level":"http","message":"\u001b[0mPOST /api/v1/auth/register \u001b[33m409\u001b[0m 19.555 ms - 559\u001b[0m","timestamp":"2026-08-25 18:15:27"}
{"level":"info","message":"MongoDB connected: ac-wp8elny-shard-00-02.vftguqk.mongodb.net","timestamp":"2026-08-25 18:17:47"}
{"level":"info","message":"Socket.IO initialized successfully","timestamp":"2026-08-25 18:17:47"}
{"level":"info","message":"Server running on http://localhost:5000 [development]","timestamp":"2026-08-25 18:17:47"}
{"level":"error","message":"❌ SMTP connection failed: Invalid login: 535-5.7.8 Username and Password not accepted. For more information, go to\n535 5.7.8  https://support.google.com/mail/?p=BadCredentials 5a478bee46e88-327f92359c9sm37047785eec.27 - gsmtp","timestamp":"2026-08-25 18:17:49"}
{"level":"http","message":"\u001b[0mPOST /api/v1/auth/login \u001b[32m200\u001b[0m 130.656 ms - -\u001b[0m","timestamp":"2026-08-25 18:17:59"}
{"level":"http","message":"\u001b[0mPOST /api/v1/conversations \u001b[32m201\u001b[0m 40.758 ms - 451\u001b[0m","timestamp":"2026-08-25 18:17:59"}
{"level":"error","message":"POST /api/v1/conversations/undefined/messages -> 400: Validation failed","timestamp":"2026-08-25 18:17:59"}
{"level":"http","message":"\u001b[0mPOST /api/v1/conversations/undefined/messages \u001b[33m400\u001b[0m 40.829 ms - 962\u001b[0m","timestamp":"2026-08-25 18:17:59"}
{"level":"http","message":"\u001b[0mPOST /api/v1/auth/login \u001b[32m200\u001b[0m 120.965 ms - -\u001b[0m","timestamp":"2026-08-25 18:18:25"}
{"level":"http","message":"\u001b[0mPOST /api/v1/conversations \u001b[32m201\u001b[0m 37.543 ms - 451\u001b[0m","timestamp":"2026-08-25 18:18:25"}
{"level":"error","message":"AI generation failed: Gemini API error: This model models/gemini-2.5-flash-lite is no longer available to new users. Please update your code to use models/gemini-3.5-flash-lite for the latest features and improvements.","timestamp":"2026-08-25 18:18:29"}
{"level":"http","message":"\u001b[0mPOST /api/v1/conversations/6a8d8f190219d34bcae14750/messages \u001b[32m201\u001b[0m 4159.498 ms - -\u001b[0m","timestamp":"2026-08-25 18:18:29"}
{"level":"info","message":"MongoDB connected: ac-wp8elny-shard-00-01.vftguqk.mongodb.net","timestamp":"2026-08-25 18:19:43"}
{"level":"info","message":"Socket.IO initialized successfully","timestamp":"2026-08-25 18:19:43"}
{"level":"info","message":"Server running on http://localhost:5000 [development]","timestamp":"2026-08-25 18:19:43"}
{"level":"error","message":"❌ SMTP connection failed: Invalid login: 535-5.7.8 Username and Password not accepted. For more information, go to\n535 5.7.8  https://support.google.com/mail/?p=BadCredentials 5a478bee46e88-327f92359c9sm37062934eec.27 - gsmtp","timestamp":"2026-08-25 18:19:45"}
{"level":"http","message":"\u001b[0mPOST /api/v1/auth/login \u001b[32m200\u001b[0m 134.650 ms - -\u001b[0m","timestamp":"2026-08-25 18:21:16"}
{"level":"http","message":"\u001b[0mPOST /api/v1/conversations \u001b[32m201\u001b[0m 43.025 ms - 446\u001b[0m","timestamp":"2026-08-25 18:21:16"}
{"level":"http","message":"\u001b[0mPOST /api/v1/conversations/6a8d8fc45bdab6fbd134def0/messages \u001b[32m201\u001b[0m 66714.849 ms - 997\u001b[0m","timestamp":"2026-08-25 18:22:23"}
{"level":"warn","message":"MongoDB disconnected","timestamp":"2026-08-25 18:44:09"}
{"level":"warn","message":"MongoDB disconnected","timestamp":"2026-08-25 18:56:18"}
{"level":"info","message":"MongoDB connected: ac-wp8elny-shard-00-00.vftguqk.mongodb.net","timestamp":"2026-08-27 21:06:46"}
{"level":"info","message":"Socket.IO initialized successfully","timestamp":"2026-08-27 21:06:46"}
{"level":"info","message":"Server running on http://localhost:5000 [development]","timestamp":"2026-08-27 21:06:46"}
{"level":"error","message":"❌ SMTP connection failed: Invalid login: 535-5.7.8 Username and Password not accepted. For more information, go to\n535 5.7.8  https://support.google.com/mail/?p=BadCredentials a92af1059eb24-141a8e118fasm16269838c88.0 - gsmtp","timestamp":"2026-08-27 21:06:48"}
{"level":"error","message":"GET / -> 404: Route not found: /","timestamp":"2026-08-27 21:21:11"}
{"level":"http","message":"\u001b[0mGET / \u001b[33m404\u001b[0m 6.377 ms - -\u001b[0m","timestamp":"2026-08-27 21:21:11"}
{"level":"error","message":"GET /favicon.ico -> 404: Route not found: /favicon.ico","timestamp":"2026-08-27 21:21:11"}
{"level":"http","message":"\u001b[0mGET /favicon.ico \u001b[33m404\u001b[0m 1.998 ms - -\u001b[0m","timestamp":"2026-08-27 21:21:11"}
{"level":"info","message":"SIGINT received. Shutting down gracefully...","timestamp":"2026-08-27 21:22:10"}
{"level":"info","message":"MongoDB connected: ac-wp8elny-shard-00-01.vftguqk.mongodb.net","timestamp":"2026-08-27 21:22:27"}
{"level":"info","message":"Socket.IO initialized successfully","timestamp":"2026-08-27 21:22:27"}
{"level":"info","message":"Server running on http://localhost:5000 [development]","timestamp":"2026-08-27 21:22:27"}
{"level":"error","message":"❌ SMTP connection failed: Invalid login: 535-5.7.8 Username and Password not accepted. For more information, go to\n535 5.7.8  https://support.google.com/mail/?p=BadCredentials 5a478bee46e88-3283d884d5esm20081291eec.17 - gsmtp","timestamp":"2026-08-27 21:22:29"}
{"level":"info","message":"MongoDB connected: ac-wp8elny-shard-00-02.vftguqk.mongodb.net","timestamp":"2026-08-27 21:29:35"}
{"level":"info","message":"Socket.IO initialized successfully","timestamp":"2026-08-27 21:29:35"}
{"level":"info","message":"Server running on http://localhost:5000 [development]","timestamp":"2026-08-27 21:29:35"}
{"level":"error","message":"❌ SMTP connection failed: Invalid login: 535-5.7.8 Username and Password not accepted. For more information, go to\n535 5.7.8  https://support.google.com/mail/?p=BadCredentials a92af1059eb24-141a9035c06sm16409878c88.10 - gsmtp","timestamp":"2026-08-27 21:29:37"}
{"level":"info","message":"MongoDB connected: ac-wp8elny-shard-00-00.vftguqk.mongodb.net","timestamp":"2026-08-27 21:34:50"}
{"level":"info","message":"Socket.IO initialized successfully","timestamp":"2026-08-27 21:34:50"}
{"level":"info","message":"Server running on http://localhost:5000 [development]","timestamp":"2026-08-27 21:34:50"}
{"level":"error","message":"❌ SMTP connection failed: Invalid login: 535-5.7.8 Username and Password not accepted. For more information, go to\n535 5.7.8  https://support.google.com/mail/?p=BadCredentials 5a478bee46e88-3283d60d25esm23411911eec.4 - gsmtp","timestamp":"2026-08-27 21:34:52"}
{"level":"info","message":"MongoDB connected: ac-wp8elny-shard-00-02.vftguqk.mongodb.net","timestamp":"2026-08-27 21:36:45"}
{"level":"info","message":"Socket.IO initialized successfully","timestamp":"2026-08-27 21:36:45"}
{"level":"info","message":"Server running on http://localhost:5000 [development]","timestamp":"2026-08-27 21:36:45"}
{"level":"error","message":"❌ SMTP connection failed: Invalid login: 535-5.7.8 Username and Password not accepted. For more information, go to\n535 5.7.8  https://support.google.com/mail/?p=BadCredentials 5a478bee46e88-3283d60b59dsm21042631eec.3 - gsmtp","timestamp":"2026-08-27 21:36:47"}
{"level":"info","message":"SIGINT received. Shutting down gracefully...","timestamp":"2026-08-27 21:37:51"}
{"level":"info","message":"MongoDB connected: ac-wp8elny-shard-00-00.vftguqk.mongodb.net","timestamp":"2026-08-27 21:38:01"}
{"level":"info","message":"Socket.IO initialized successfully","timestamp":"2026-08-27 21:38:01"}
{"level":"info","message":"Server running on http://localhost:5000 [development]","timestamp":"2026-08-27 21:38:01"}
{"level":"error","message":"❌ SMTP connection failed: Invalid login: 535-5.7.8 Username and Password not accepted. For more information, go to\n535 5.7.8  https://support.google.com/mail/?p=BadCredentials a92af1059eb24-141a8f47d8csm17440605c88.8 - gsmtp","timestamp":"2026-08-27 21:38:02"}
{"level":"info","message":"MongoDB connected: ac-wp8elny-shard-00-00.vftguqk.mongodb.net","timestamp":"2026-08-28 10:55:37"}
{"level":"info","message":"Socket.IO initialized successfully","timestamp":"2026-08-28 10:55:37"}
{"level":"info","message":"Server running on http://localhost:5000 [development]","timestamp":"2026-08-28 10:55:37"}
{"level":"error","message":"? Real SMTP connection failed: Invalid login: 535-5.7.8 Username and Password not accepted. For more information, go to\n535 5.7.8  https://support.google.com/mail/?p=BadCredentials 5a478bee46e88-3286f9e3cf8sm1917114eec.24 - gsmtp. Switching to Ethereal Test Email...","timestamp":"2026-08-28 10:55:38"}
{"level":"info","message":"? Ethereal Test SMTP connected: tg7u3u3zl7cyxhid@ethereal.email","timestamp":"2026-08-28 10:55:39"}
{"level":"http","message":"\u001b[0mGET / \u001b[32m200\u001b[0m 7.426 ms - -\u001b[0m","timestamp":"2026-08-28 10:55:59"}
{"level":"http","message":"\u001b[0mGET /assets/index-Bt8AdXDL.css \u001b[32m200\u001b[0m 6.381 ms - -\u001b[0m","timestamp":"2026-08-28 10:55:59"}
{"level":"http","message":"\u001b[0mGET /assets/index-CG-IaM9T.js \u001b[32m200\u001b[0m 4.242 ms - -\u001b[0m","timestamp":"2026-08-28 10:56:00"}
{"level":"info","message":"MongoDB connected: ac-wp8elny-shard-00-01.vftguqk.mongodb.net","timestamp":"2026-08-28 10:59:07"}
{"level":"info","message":"MongoDB connected: ac-wp8elny-shard-00-00.vftguqk.mongodb.net","timestamp":"2026-08-28 11:01:01"}
{"level":"info","message":"Socket.IO initialized successfully","timestamp":"2026-08-28 11:01:01"}
{"level":"info","message":"Server running on http://localhost:5000 [development]","timestamp":"2026-08-28 11:01:01"}
{"level":"error","message":"? Real SMTP connection failed: Invalid login: 535-5.7.8 Username and Password not accepted. For more information, go to\n535 5.7.8  https://support.google.com/mail/?p=BadCredentials 5a478bee46e88-3286f80a0a5sm2110773eec.11 - gsmtp. Switching to Ethereal Test Email...","timestamp":"2026-08-28 11:01:02"}
{"level":"info","message":"? Ethereal Test SMTP connected: fkcoog3uvgngapdu@ethereal.email","timestamp":"2026-08-28 11:01:02"}
{"level":"http","message":"\u001b[0mGET / \u001b[32m200\u001b[0m 4.449 ms - -\u001b[0m","timestamp":"2026-08-28 11:02:15"}
{"level":"http","message":"\u001b[0mGET /assets/index-Bt8AdXDL.css \u001b[32m200\u001b[0m 2.300 ms - -\u001b[0m","timestamp":"2026-08-28 11:02:15"}
{"level":"http","message":"\u001b[0mGET /assets/index-CG-IaM9T.js \u001b[32m200\u001b[0m 4.884 ms - -\u001b[0m","timestamp":"2026-08-28 11:02:15"}
{"level":"info","message":"MongoDB connected: ac-wp8elny-shard-00-00.vftguqk.mongodb.net","timestamp":"2026-08-28 11:03:26"}
{"level":"info","message":"Socket.IO initialized successfully","timestamp":"2026-08-28 11:03:26"}
{"level":"info","message":"Server running on http://localhost:5000 [development]","timestamp":"2026-08-28 11:03:26"}
{"level":"error","message":"? Real SMTP connection failed: Invalid login: 535-5.7.8 Username and Password not accepted. For more information, go to\n535 5.7.8  https://support.google.com/mail/?p=BadCredentials a92af1059eb24-142e0df264csm4629170c88.14 - gsmtp. Switching to Ethereal Test Email...","timestamp":"2026-08-28 11:03:27"}
{"level":"info","message":"? Ethereal Test SMTP connected: amk7p5zbbvx3bd6i@ethereal.email","timestamp":"2026-08-28 11:03:34"}
{"level":"http","message":"\u001b[0mGET / \u001b[36m304\u001b[0m 3.505 ms - -\u001b[0m","timestamp":"2026-08-28 11:04:03"}
{"level":"http","message":"\u001b[0mGET /assets/index-CG-IaM9T.js \u001b[36m304\u001b[0m 2.395 ms - -\u001b[0m","timestamp":"2026-08-28 11:04:03"}
{"level":"http","message":"\u001b[0mGET /assets/index-Bt8AdXDL.css \u001b[36m304\u001b[0m 2.244 ms - -\u001b[0m","timestamp":"2026-08-28 11:04:03"}
{"level":"http","message":"\u001b[0mGET / \u001b[36m304\u001b[0m 0.470 ms - -\u001b[0m","timestamp":"2026-08-28 11:04:08"}
{"level":"http","message":"\u001b[0mGET /assets/index-CG-IaM9T.js \u001b[36m304\u001b[0m 1.383 ms - -\u001b[0m","timestamp":"2026-08-28 11:04:08"}
{"level":"http","message":"\u001b[0mGET /assets/index-Bt8AdXDL.css \u001b[36m304\u001b[0m 2.239 ms - -\u001b[0m","timestamp":"2026-08-28 11:04:08"}
{"level":"info","message":"MongoDB connected: ac-wp8elny-shard-00-00.vftguqk.mongodb.net","timestamp":"2026-08-28 11:05:22"}
{"level":"info","message":"MongoDB connected: ac-wp8elny-shard-00-01.vftguqk.mongodb.net","timestamp":"2026-08-28 11:05:48"}
